url,status,title,canonical,h1,final_url
https://www.brandops.site/,200,"BrandOps | AI Consultancy for Content, Visibility &amp; Lead Generation",https://www.brandops.site,"<h1 class=""text-balance text-4xl font-bold tracking-tight text-foreground sm:text-5xl lg:text-7xl"">Put AI to work for your<!-- --> <span class=""bg-gradient-to-r from-primary via-accent to-primary bg-c",https://www.brandops.site/
https://www.brandops.site/features,200,BrandOps Features | LinkedIn + Newsletters | BrandOps,https://www.brandops.site/features,"<h1 class=""text-3xl font-bold tracking-tight text-foreground sm:text-4xl"">Everything you need to stay visible</h1>",https://www.brandops.site/features
https://www.brandops.site/features/carousel-workflow,200,AI Carousel Generator | Research to Slides | BrandOps,https://www.brandops.site/features/carousel-workflow,"<h1 class=""text-balance text-4xl font-bold tracking-tight text-foreground sm:text-5xl"">Turn one research topic into a LinkedIn<!-- --> <span class=""bg-gradient-to-r from-primary via-accent to-primary ",https://www.brandops.site/features/carousel-workflow
https://www.brandops.site/features/newsletter-workflow,200,AI Newsletter Generator | Cited Research to Inbox | BrandOps,https://www.brandops.site/features/newsletter-workflow,"<h1 class=""text-balance text-4xl font-bold tracking-tight text-foreground sm:text-5xl"">Write cited newsletters from current<!-- --> <span class=""bg-gradient-to-r from-primary via-accent to-primary bg-",https://www.brandops.site/features/newsletter-workflow
https://www.brandops.site/features/review-first-publishing,200,Review-First Publishing | Approve LinkedIn Posts | BrandOps,https://www.brandops.site/features/review-first-publishing,"<h1 class=""text-balance text-4xl font-bold tracking-tight text-foreground sm:text-5xl"">You own the publish<!-- --> <span class=""bg-gradient-to-r from-primary via-accent to-primary bg-clip-text text-tr",https://www.brandops.site/features/review-first-publishing
https://www.brandops.site/linkedin-carousel-generator,200,Free LinkedIn Carousel Generator | AI Slides | BrandOps,https://www.brandops.site/linkedin-carousel-generator,"<h1 class=""text-balance text-4xl font-bold tracking-tight text-foreground sm:text-5xl lg:text-6xl"">AI LinkedIn Carousel Generator<!-- --> <span class=""bg-gradient-to-r from-primary via-accent to-prima",https://www.brandops.site/linkedin-carousel-generator
https://www.brandops.site/ai-newsletter-generator,200,AI Newsletter Generator | Cited Drafts to Inbox | BrandOps,https://www.brandops.site/ai-newsletter-generator,"<h1 class=""text-balance text-4xl font-bold tracking-tight text-foreground sm:text-5xl lg:text-6xl"">AI Newsletter Generator<!-- --> <span class=""bg-gradient-to-r from-primary via-accent to-primary bg-c",https://www.brandops.site/ai-newsletter-generator
https://www.brandops.site/linkedin-automation-tool,200,LinkedIn Automation Tool | Founders + Trainers | BrandOps,https://www.brandops.site/linkedin-automation-tool,"<h1 class=""text-balance text-4xl font-bold tracking-tight text-foreground sm:text-5xl lg:text-6xl"">LinkedIn Automation Tool<!-- --> <span class=""bg-gradient-to-r from-primary via-accent to-primary bg-",https://www.brandops.site/linkedin-automation-tool
https://www.brandops.site/linkedin-automation-tool-for-coaches,200,LinkedIn Automation Tool for Coaches | AI Content Workflow | BrandOps,https://www.brandops.site/linkedin-automation-tool-for-coaches,"<h1 class=""text-balance text-4xl font-bold tracking-tight text-foreground sm:text-5xl lg:text-6xl"">LinkedIn Automation Tool<!-- --> <span class=""bg-gradient-to-r from-primary via-accent to-primary bg-",https://www.brandops.site/linkedin-automation-tool-for-coaches
https://www.brandops.site/linkedin-automation-tool-for-consultants,200,LinkedIn Automation Tool for Consultants | AI Content Workflow | BrandOps,https://www.brandops.site/linkedin-automation-tool-for-consultants,"<h1 class=""text-balance text-4xl font-bold tracking-tight text-foreground sm:text-5xl lg:text-6xl"">LinkedIn Automation Tool<!-- --> <span class=""bg-gradient-to-r from-primary via-accent to-primary bg-",https://www.brandops.site/linkedin-automation-tool-for-consultants
https://www.brandops.site/linkedin-automation-tool-for-agencies,200,LinkedIn Automation Tool for Agencies | BrandOps,https://www.brandops.site/linkedin-automation-tool-for-agencies,"<h1 class=""mt-3 max-w-4xl text-balance text-4xl font-bold tracking-tight text-foreground sm:text-5xl lg:text-6xl"">LinkedIn automation tool for<!-- --> <span class=""bg-gradient-to-r from-primary via-ac",https://www.brandops.site/linkedin-automation-tool-for-agencies
https://www.brandops.site/ai-newsletter-generator-for-consultants,200,AI Newsletter Generator for Consultants | BrandOps,https://www.brandops.site/ai-newsletter-generator-for-consultants,"<h1 class=""mt-3 max-w-4xl text-balance text-4xl font-bold tracking-tight text-foreground sm:text-5xl lg:text-6xl"">AI newsletter generator for<!-- --> <span class=""bg-gradient-to-r from-primary via-acc",https://www.brandops.site/ai-newsletter-generator-for-consultants
https://www.brandops.site/brandops-vs-taplio,200,BrandOps vs Taplio: Which LinkedIn Tool is Right for You? | BrandOps,https://www.brandops.site/brandops-vs-taplio,"<h1 class=""mx-auto mt-3 max-w-4xl text-balance text-4xl font-bold tracking-tight text-foreground sm:text-5xl lg:text-6xl"">BrandOps vs Taplio:<!-- --> <span class=""bg-gradient-to-r from-primary via-acc",https://www.brandops.site/brandops-vs-taplio
https://www.brandops.site/brandops-vs-typefully,200,BrandOps vs Typefully: AI Content Workspace vs LinkedIn Scheduler | BrandOps,https://www.brandops.site/brandops-vs-typefully,"<h1 class=""mx-auto mt-3 max-w-4xl text-balance text-4xl font-bold tracking-tight text-foreground sm:text-5xl lg:text-6xl"">BrandOps vs Typefully:<!-- --> <span class=""bg-gradient-to-r from-primary via-",https://www.brandops.site/brandops-vs-typefully
https://www.brandops.site/brandops-vs-canva-linkedin,200,BrandOps vs Canva for LinkedIn Carousels: AI vs Design Tool | BrandOps,https://www.brandops.site/brandops-vs-canva-linkedin,"<h1 class=""mx-auto mt-3 max-w-4xl text-balance text-4xl font-bold tracking-tight text-foreground sm:text-5xl lg:text-6xl"">BrandOps vs Canva:<!-- --> <span class=""bg-gradient-to-r from-primary via-acce",https://www.brandops.site/brandops-vs-canva-linkedin
https://www.brandops.site/services,200,AI Consultancy Services | BrandOps,https://www.brandops.site/services,"<h1 class=""text-balance text-4xl font-bold tracking-tight text-foreground sm:text-5xl lg:text-6xl"">Practical AI Services for Visibility, Content, and Leads</h1>",https://www.brandops.site/services
https://www.brandops.site/services/linkedin-content,200,AI Content for LinkedIn &amp; Newsletter | BrandOps,https://www.brandops.site/services/linkedin-content,"<h1 class=""text-balance text-4xl font-bold tracking-tight text-foreground sm:text-5xl lg:text-7xl"">AI builds your content.<!-- --> <span class=""bg-gradient-to-r from-primary via-accent to-primary bg-c",https://www.brandops.site/services/linkedin-content
https://www.brandops.site/services/website-lead-magnets,200,Website Lead Magnets | BrandOps,https://www.brandops.site/services/website-lead-magnets,"<h1 class=""text-balance text-4xl font-bold tracking-tight text-foreground sm:text-5xl lg:text-6xl"">Website Lead Magnets That Turn Visitors Into Leads</h1>",https://www.brandops.site/services/website-lead-magnets
https://www.brandops.site/services/aeo-geo-visibility,200,AEO/GEO Visibility Card | BrandOps,https://www.brandops.site/services/aeo-geo-visibility,"<h1 class=""text-balance text-4xl font-bold tracking-tight text-foreground sm:text-5xl lg:text-6xl"">AEO/GEO Visibility Card</h1>",https://www.brandops.site/services/aeo-geo-visibility
https://www.brandops.site/services/youtube-research,200,YouTube Research &amp; Content Strategy | BrandOps,https://www.brandops.site/services/youtube-research,"<h1 class=""text-balance text-4xl font-bold tracking-tight text-foreground sm:text-5xl lg:text-6xl"">YouTube Research &amp; Content Strategy</h1>",https://www.brandops.site/services/youtube-research
https://www.brandops.site/resources,200,BrandOps Resources | Guides for Creators | BrandOps,https://www.brandops.site/resources,"<h1 class=""text-balance text-4xl font-bold tracking-tight text-foreground sm:text-5xl"">Build a citable personal<!-- --> <span class=""bg-gradient-to-r from-primary via-accent to-primary bg-clip-text te",https://www.brandops.site/resources
https://www.brandops.site/contact,200,Contact BrandOps | Content Workflow Help | BrandOps,https://www.brandops.site/contact,"<h1 class=""text-3xl font-bold tracking-tight text-foreground sm:text-4xl"">Get in touch</h1>",https://www.brandops.site/contact
https://www.brandops.site/about,200,About BrandOps | AI Content Workspace | BrandOps,https://www.brandops.site/about,"<h1 class=""text-balance text-4xl font-bold tracking-tight text-foreground sm:text-5xl"">AI builds your content.<!-- --> <span class=""bg-gradient-to-r from-primary via-accent to-primary bg-clip-text tex",https://www.brandops.site/about
https://www.brandops.site/pricing,200,BrandOps Pricing | Free and Operator Plans | BrandOps,https://www.brandops.site/pricing,"<h1 class=""text-3xl font-bold tracking-tight text-foreground sm:text-4xl lg:text-5xl"">Simple, operator-first pricing</h1>",https://www.brandops.site/pricing
https://www.brandops.site/privacy,200,Privacy Policy | How BrandOps Handles Your Data | BrandOps,https://www.brandops.site/privacy,"<h1 class=""text-3xl font-bold tracking-tight text-foreground sm:text-4xl"">Privacy Policy</h1>",https://www.brandops.site/privacy
https://www.brandops.site/terms,200,Terms of Service | BrandOps Content Platform Agreement | BrandOps,https://www.brandops.site/terms,"<h1 class=""text-3xl font-bold tracking-tight text-foreground sm:text-4xl"">Terms of Service</h1>",https://www.brandops.site/terms
