seed_keyword,fan_out_query,intent,recommended_page_type
best AI LinkedIn carousel generator,best best AI LinkedIn carousel generator,comparison,comparison article
best AI LinkedIn carousel generator,top 5 best AI LinkedIn carousel generator,comparison,comparison article
best AI LinkedIn carousel generator,top 10 best AI LinkedIn carousel generator,comparison,comparison article
best AI LinkedIn carousel generator,free best AI LinkedIn carousel generator,comparison,comparison article
best AI LinkedIn carousel generator,free vs paid best AI LinkedIn carousel generator,comparison,comparison article
best AI LinkedIn carousel generator,best AI LinkedIn carousel generator for founders,comparison,comparison article
best AI LinkedIn carousel generator,best AI LinkedIn carousel generator for consultants,comparison,comparison article
best AI LinkedIn carousel generator,best AI LinkedIn carousel generator for coaches,comparison,comparison article
best AI LinkedIn carousel generator,best AI LinkedIn carousel generator for agencies,comparison,comparison article
best AI LinkedIn carousel generator,what is best AI LinkedIn carousel generator,informational,glossary/explainer
best AI LinkedIn carousel generator,how does it work best AI LinkedIn carousel generator,informational,glossary/explainer
best AI LinkedIn carousel generator,why use best AI LinkedIn carousel generator,informational,glossary/explainer
best AI LinkedIn carousel generator,benefits of best AI LinkedIn carousel generator,informational,glossary/explainer
best AI LinkedIn carousel generator,how to create best AI LinkedIn carousel generator,how_to,how-to guide
best AI LinkedIn carousel generator,how to make best AI LinkedIn carousel generator,how_to,how-to guide
best AI LinkedIn carousel generator,how to write best AI LinkedIn carousel generator,how_to,how-to guide
best AI LinkedIn carousel generator,how to design best AI LinkedIn carousel generator,how_to,how-to guide
best AI LinkedIn carousel generator,how to automate best AI LinkedIn carousel generator,how_to,how-to guide
best AI LinkedIn carousel generator,step by step best AI LinkedIn carousel generator,how_to,how-to guide
best AI LinkedIn carousel generator,best AI LinkedIn carousel generator pricing,commercial,landing page
best AI LinkedIn carousel generator,best AI LinkedIn carousel generator cost,commercial,landing page
best AI LinkedIn carousel generator,free trial best AI LinkedIn carousel generator,commercial,landing page
best AI LinkedIn carousel generator,discount best AI LinkedIn carousel generator,commercial,landing page
best AI LinkedIn carousel generator,best AI LinkedIn carousel generator reviews,commercial,landing page
best AI LinkedIn carousel generator,best AI LinkedIn carousel generator testimonials,commercial,landing page
best AI LinkedIn carousel generator,templates best AI LinkedIn carousel generator,templates,template/cheat sheet
best AI LinkedIn carousel generator,examples best AI LinkedIn carousel generator,templates,template/cheat sheet
best AI LinkedIn carousel generator,ideas best AI LinkedIn carousel generator,templates,template/cheat sheet
best AI LinkedIn carousel generator,cheat sheet best AI LinkedIn carousel generator,templates,template/cheat sheet
best AI LinkedIn carousel generator,checklist best AI LinkedIn carousel generator,templates,template/cheat sheet
best AI LinkedIn carousel generator,prompts best AI LinkedIn carousel generator,templates,template/cheat sheet
best AI LinkedIn carousel generator,size best AI LinkedIn carousel generator,technical,specs guide
best AI LinkedIn carousel generator,dimensions best AI LinkedIn carousel generator,technical,specs guide
best AI LinkedIn carousel generator,best AI LinkedIn carousel generator format,technical,specs guide
best AI LinkedIn carousel generator,font best AI LinkedIn carousel generator,technical,specs guide
best AI LinkedIn carousel generator,color best AI LinkedIn carousel generator,technical,specs guide
best AI LinkedIn carousel generator,aspect ratio best AI LinkedIn carousel generator,technical,specs guide
best AI LinkedIn carousel generator,file size best AI LinkedIn carousel generator,technical,specs guide
best AI LinkedIn carousel generator,resolution best AI LinkedIn carousel generator,technical,specs guide
best AI LinkedIn carousel generator,best AI LinkedIn carousel generator is safe,safety_trust,article
best AI LinkedIn carousel generator,best AI LinkedIn carousel generator safe to use,safety_trust,article
best AI LinkedIn carousel generator,best AI LinkedIn carousel generator privacy,safety_trust,article
best AI LinkedIn carousel generator,risks best AI LinkedIn carousel generator,safety_trust,article
best AI LinkedIn carousel generator,best AI LinkedIn carousel generator disadvantages,safety_trust,article
best AI LinkedIn carousel generator,pros and cons best AI LinkedIn carousel generator,safety_trust,article
best AI LinkedIn carousel generator,linkedin carousel ad examples,templates,template/cheat sheet
best AI LinkedIn carousel generator,linkedin carousel ad specs,informational,glossary/explainer
best AI LinkedIn carousel generator,linkedin carousel examples,templates,template/cheat sheet
AI newsletter generator,best AI newsletter generator,comparison,comparison article
AI newsletter generator,top 5 AI newsletter generator,comparison,comparison article
AI newsletter generator,top 10 AI newsletter generator,comparison,comparison article
AI newsletter generator,free AI newsletter generator,comparison,comparison article
AI newsletter generator,free vs paid AI newsletter generator,comparison,comparison article
AI newsletter generator,AI newsletter generator for founders,comparison,comparison article
AI newsletter generator,AI newsletter generator for consultants,comparison,comparison article
AI newsletter generator,AI newsletter generator for coaches,comparison,comparison article
AI newsletter generator,AI newsletter generator for agencies,comparison,comparison article
AI newsletter generator,what is AI newsletter generator,informational,glossary/explainer
AI newsletter generator,how does it work AI newsletter generator,informational,glossary/explainer
AI newsletter generator,why use AI newsletter generator,informational,glossary/explainer
AI newsletter generator,benefits of AI newsletter generator,informational,glossary/explainer
AI newsletter generator,how to create AI newsletter generator,how_to,how-to guide
AI newsletter generator,how to make AI newsletter generator,how_to,how-to guide
AI newsletter generator,how to write AI newsletter generator,how_to,how-to guide
AI newsletter generator,how to design AI newsletter generator,how_to,how-to guide
AI newsletter generator,how to automate AI newsletter generator,how_to,how-to guide
AI newsletter generator,step by step AI newsletter generator,how_to,how-to guide
AI newsletter generator,AI newsletter generator pricing,commercial,landing page
AI newsletter generator,AI newsletter generator cost,commercial,landing page
AI newsletter generator,free trial AI newsletter generator,commercial,landing page
AI newsletter generator,discount AI newsletter generator,commercial,landing page
AI newsletter generator,AI newsletter generator reviews,commercial,landing page
AI newsletter generator,AI newsletter generator testimonials,commercial,landing page
AI newsletter generator,templates AI newsletter generator,templates,template/cheat sheet
AI newsletter generator,examples AI newsletter generator,templates,template/cheat sheet
AI newsletter generator,ideas AI newsletter generator,templates,template/cheat sheet
AI newsletter generator,cheat sheet AI newsletter generator,templates,template/cheat sheet
AI newsletter generator,checklist AI newsletter generator,templates,template/cheat sheet
AI newsletter generator,prompts AI newsletter generator,templates,template/cheat sheet
AI newsletter generator,size AI newsletter generator,technical,specs guide
AI newsletter generator,dimensions AI newsletter generator,technical,specs guide
AI newsletter generator,AI newsletter generator format,technical,specs guide
AI newsletter generator,font AI newsletter generator,technical,specs guide
AI newsletter generator,color AI newsletter generator,technical,specs guide
AI newsletter generator,aspect ratio AI newsletter generator,technical,specs guide
AI newsletter generator,file size AI newsletter generator,technical,specs guide
AI newsletter generator,resolution AI newsletter generator,technical,specs guide
AI newsletter generator,AI newsletter generator is safe,safety_trust,article
AI newsletter generator,AI newsletter generator safe to use,safety_trust,article
AI newsletter generator,AI newsletter generator privacy,safety_trust,article
AI newsletter generator,risks AI newsletter generator,safety_trust,article
AI newsletter generator,AI newsletter generator disadvantages,safety_trust,article
AI newsletter generator,pros and cons AI newsletter generator,safety_trust,article
AI newsletter generator,ai newsletter generator free,commercial,landing page
AI newsletter generator,ai newsletter generator github,commercial,landing page
AI newsletter generator,ai newsletter generator canva,commercial,landing page
AI newsletter generator,ai news generator,commercial,landing page
AI newsletter generator,ai news generator free,commercial,landing page
AI newsletter generator,ai news generator from text,commercial,landing page
AI newsletter generator,ai news generator video,commercial,landing page
AI newsletter generator,ai news generator app,commercial,landing page
AI newsletter generator,ai news generator no sign up,commercial,landing page
LinkedIn automation tool for founders,best LinkedIn automation tool for founders,comparison,comparison article
LinkedIn automation tool for founders,top 5 LinkedIn automation tool for founders,comparison,comparison article
LinkedIn automation tool for founders,top 10 LinkedIn automation tool for founders,comparison,comparison article
LinkedIn automation tool for founders,free LinkedIn automation tool for founders,comparison,comparison article
LinkedIn automation tool for founders,free vs paid LinkedIn automation tool for founders,comparison,comparison article
LinkedIn automation tool for founders,LinkedIn automation tool for founders for founders,comparison,comparison article
LinkedIn automation tool for founders,LinkedIn automation tool for founders for consultants,comparison,comparison article
LinkedIn automation tool for founders,LinkedIn automation tool for founders for coaches,comparison,comparison article
LinkedIn automation tool for founders,LinkedIn automation tool for founders for agencies,comparison,comparison article
LinkedIn automation tool for founders,what is LinkedIn automation tool for founders,informational,glossary/explainer
LinkedIn automation tool for founders,how does it work LinkedIn automation tool for founders,informational,glossary/explainer
LinkedIn automation tool for founders,why use LinkedIn automation tool for founders,informational,glossary/explainer
LinkedIn automation tool for founders,benefits of LinkedIn automation tool for founders,informational,glossary/explainer
LinkedIn automation tool for founders,how to create LinkedIn automation tool for founders,how_to,how-to guide
LinkedIn automation tool for founders,how to make LinkedIn automation tool for founders,how_to,how-to guide
LinkedIn automation tool for founders,how to write LinkedIn automation tool for founders,how_to,how-to guide
LinkedIn automation tool for founders,how to design LinkedIn automation tool for founders,how_to,how-to guide
LinkedIn automation tool for founders,how to automate LinkedIn automation tool for founders,how_to,how-to guide
LinkedIn automation tool for founders,step by step LinkedIn automation tool for founders,how_to,how-to guide
LinkedIn automation tool for founders,LinkedIn automation tool for founders pricing,commercial,landing page
LinkedIn automation tool for founders,LinkedIn automation tool for founders cost,commercial,landing page
LinkedIn automation tool for founders,free trial LinkedIn automation tool for founders,commercial,landing page
LinkedIn automation tool for founders,discount LinkedIn automation tool for founders,commercial,landing page
LinkedIn automation tool for founders,LinkedIn automation tool for founders reviews,commercial,landing page
LinkedIn automation tool for founders,LinkedIn automation tool for founders testimonials,commercial,landing page
LinkedIn automation tool for founders,templates LinkedIn automation tool for founders,templates,template/cheat sheet
LinkedIn automation tool for founders,examples LinkedIn automation tool for founders,templates,template/cheat sheet
LinkedIn automation tool for founders,ideas LinkedIn automation tool for founders,templates,template/cheat sheet
LinkedIn automation tool for founders,cheat sheet LinkedIn automation tool for founders,templates,template/cheat sheet
LinkedIn automation tool for founders,checklist LinkedIn automation tool for founders,templates,template/cheat sheet
LinkedIn automation tool for founders,prompts LinkedIn automation tool for founders,templates,template/cheat sheet
LinkedIn automation tool for founders,size LinkedIn automation tool for founders,technical,specs guide
LinkedIn automation tool for founders,dimensions LinkedIn automation tool for founders,technical,specs guide
LinkedIn automation tool for founders,LinkedIn automation tool for founders format,technical,specs guide
LinkedIn automation tool for founders,font LinkedIn automation tool for founders,technical,specs guide
LinkedIn automation tool for founders,color LinkedIn automation tool for founders,technical,specs guide
LinkedIn automation tool for founders,aspect ratio LinkedIn automation tool for founders,technical,specs guide
LinkedIn automation tool for founders,file size LinkedIn automation tool for founders,technical,specs guide
LinkedIn automation tool for founders,resolution LinkedIn automation tool for founders,technical,specs guide
LinkedIn automation tool for founders,LinkedIn automation tool for founders is safe,safety_trust,article
LinkedIn automation tool for founders,LinkedIn automation tool for founders safe to use,safety_trust,article
LinkedIn automation tool for founders,LinkedIn automation tool for founders privacy,safety_trust,article
LinkedIn automation tool for founders,risks LinkedIn automation tool for founders,safety_trust,article
LinkedIn automation tool for founders,LinkedIn automation tool for founders disadvantages,safety_trust,article
LinkedIn automation tool for founders,pros and cons LinkedIn automation tool for founders,safety_trust,article
LinkedIn content system for personal brands,best LinkedIn content system for personal brands,comparison,comparison article
LinkedIn content system for personal brands,top 5 LinkedIn content system for personal brands,comparison,comparison article
LinkedIn content system for personal brands,top 10 LinkedIn content system for personal brands,comparison,comparison article
LinkedIn content system for personal brands,free LinkedIn content system for personal brands,comparison,comparison article
LinkedIn content system for personal brands,free vs paid LinkedIn content system for personal brands,comparison,comparison article
LinkedIn content system for personal brands,LinkedIn content system for personal brands for founders,comparison,comparison article
LinkedIn content system for personal brands,LinkedIn content system for personal brands for consultants,comparison,comparison article
LinkedIn content system for personal brands,LinkedIn content system for personal brands for coaches,comparison,comparison article
LinkedIn content system for personal brands,LinkedIn content system for personal brands for agencies,comparison,comparison article
LinkedIn content system for personal brands,what is LinkedIn content system for personal brands,informational,glossary/explainer
LinkedIn content system for personal brands,how does it work LinkedIn content system for personal brands,informational,glossary/explainer
LinkedIn content system for personal brands,why use LinkedIn content system for personal brands,informational,glossary/explainer
LinkedIn content system for personal brands,benefits of LinkedIn content system for personal brands,informational,glossary/explainer
LinkedIn content system for personal brands,how to create LinkedIn content system for personal brands,how_to,how-to guide
LinkedIn content system for personal brands,how to make LinkedIn content system for personal brands,how_to,how-to guide
LinkedIn content system for personal brands,how to write LinkedIn content system for personal brands,how_to,how-to guide
LinkedIn content system for personal brands,how to design LinkedIn content system for personal brands,how_to,how-to guide
LinkedIn content system for personal brands,how to automate LinkedIn content system for personal brands,how_to,how-to guide
LinkedIn content system for personal brands,step by step LinkedIn content system for personal brands,how_to,how-to guide
LinkedIn content system for personal brands,LinkedIn content system for personal brands pricing,commercial,landing page
LinkedIn content system for personal brands,LinkedIn content system for personal brands cost,commercial,landing page
LinkedIn content system for personal brands,free trial LinkedIn content system for personal brands,commercial,landing page
LinkedIn content system for personal brands,discount LinkedIn content system for personal brands,commercial,landing page
LinkedIn content system for personal brands,LinkedIn content system for personal brands reviews,commercial,landing page
LinkedIn content system for personal brands,LinkedIn content system for personal brands testimonials,commercial,landing page
LinkedIn content system for personal brands,templates LinkedIn content system for personal brands,templates,template/cheat sheet
LinkedIn content system for personal brands,examples LinkedIn content system for personal brands,templates,template/cheat sheet
LinkedIn content system for personal brands,ideas LinkedIn content system for personal brands,templates,template/cheat sheet
LinkedIn content system for personal brands,cheat sheet LinkedIn content system for personal brands,templates,template/cheat sheet
LinkedIn content system for personal brands,checklist LinkedIn content system for personal brands,templates,template/cheat sheet
LinkedIn content system for personal brands,prompts LinkedIn content system for personal brands,templates,template/cheat sheet
LinkedIn content system for personal brands,size LinkedIn content system for personal brands,technical,specs guide
LinkedIn content system for personal brands,dimensions LinkedIn content system for personal brands,technical,specs guide
LinkedIn content system for personal brands,LinkedIn content system for personal brands format,technical,specs guide
LinkedIn content system for personal brands,font LinkedIn content system for personal brands,technical,specs guide
LinkedIn content system for personal brands,color LinkedIn content system for personal brands,technical,specs guide
LinkedIn content system for personal brands,aspect ratio LinkedIn content system for personal brands,technical,specs guide
LinkedIn content system for personal brands,file size LinkedIn content system for personal brands,technical,specs guide
LinkedIn content system for personal brands,resolution LinkedIn content system for personal brands,technical,specs guide
LinkedIn content system for personal brands,LinkedIn content system for personal brands is safe,safety_trust,article
LinkedIn content system for personal brands,LinkedIn content system for personal brands safe to use,safety_trust,article
LinkedIn content system for personal brands,LinkedIn content system for personal brands privacy,safety_trust,article
LinkedIn content system for personal brands,risks LinkedIn content system for personal brands,safety_trust,article
LinkedIn content system for personal brands,LinkedIn content system for personal brands disadvantages,safety_trust,article
LinkedIn content system for personal brands,pros and cons LinkedIn content system for personal brands,safety_trust,article
LinkedIn carousel templates,best LinkedIn carousel templates,comparison,comparison article
LinkedIn carousel templates,top 5 LinkedIn carousel templates,comparison,comparison article
LinkedIn carousel templates,top 10 LinkedIn carousel templates,comparison,comparison article
LinkedIn carousel templates,free LinkedIn carousel templates,comparison,comparison article
LinkedIn carousel templates,free vs paid LinkedIn carousel templates,comparison,comparison article
LinkedIn carousel templates,LinkedIn carousel templates for founders,comparison,comparison article
LinkedIn carousel templates,LinkedIn carousel templates for consultants,comparison,comparison article
LinkedIn carousel templates,LinkedIn carousel templates for coaches,comparison,comparison article
LinkedIn carousel templates,LinkedIn carousel templates for agencies,comparison,comparison article
LinkedIn carousel templates,what is LinkedIn carousel templates,informational,glossary/explainer
LinkedIn carousel templates,how does it work LinkedIn carousel templates,informational,glossary/explainer
LinkedIn carousel templates,why use LinkedIn carousel templates,informational,glossary/explainer
LinkedIn carousel templates,benefits of LinkedIn carousel templates,informational,glossary/explainer
LinkedIn carousel templates,how to create LinkedIn carousel templates,how_to,how-to guide
LinkedIn carousel templates,how to make LinkedIn carousel templates,how_to,how-to guide
LinkedIn carousel templates,how to write LinkedIn carousel templates,how_to,how-to guide
LinkedIn carousel templates,how to design LinkedIn carousel templates,how_to,how-to guide
LinkedIn carousel templates,how to automate LinkedIn carousel templates,how_to,how-to guide
LinkedIn carousel templates,step by step LinkedIn carousel templates,how_to,how-to guide
LinkedIn carousel templates,LinkedIn carousel templates pricing,commercial,landing page
LinkedIn carousel templates,LinkedIn carousel templates cost,commercial,landing page
LinkedIn carousel templates,free trial LinkedIn carousel templates,commercial,landing page
LinkedIn carousel templates,discount LinkedIn carousel templates,commercial,landing page
LinkedIn carousel templates,LinkedIn carousel templates reviews,commercial,landing page
LinkedIn carousel templates,LinkedIn carousel templates testimonials,commercial,landing page
LinkedIn carousel templates,templates LinkedIn carousel templates,templates,template/cheat sheet
LinkedIn carousel templates,examples LinkedIn carousel templates,templates,template/cheat sheet
LinkedIn carousel templates,ideas LinkedIn carousel templates,templates,template/cheat sheet
LinkedIn carousel templates,cheat sheet LinkedIn carousel templates,templates,template/cheat sheet
LinkedIn carousel templates,checklist LinkedIn carousel templates,templates,template/cheat sheet
LinkedIn carousel templates,prompts LinkedIn carousel templates,templates,template/cheat sheet
LinkedIn carousel templates,size LinkedIn carousel templates,technical,specs guide
LinkedIn carousel templates,dimensions LinkedIn carousel templates,technical,specs guide
LinkedIn carousel templates,LinkedIn carousel templates format,technical,specs guide
LinkedIn carousel templates,font LinkedIn carousel templates,technical,specs guide
LinkedIn carousel templates,color LinkedIn carousel templates,technical,specs guide
LinkedIn carousel templates,aspect ratio LinkedIn carousel templates,technical,specs guide
LinkedIn carousel templates,file size LinkedIn carousel templates,technical,specs guide
LinkedIn carousel templates,resolution LinkedIn carousel templates,technical,specs guide
LinkedIn carousel templates,LinkedIn carousel templates is safe,safety_trust,article
LinkedIn carousel templates,LinkedIn carousel templates safe to use,safety_trust,article
LinkedIn carousel templates,LinkedIn carousel templates privacy,safety_trust,article
LinkedIn carousel templates,risks LinkedIn carousel templates,safety_trust,article
LinkedIn carousel templates,LinkedIn carousel templates disadvantages,safety_trust,article
LinkedIn carousel templates,pros and cons LinkedIn carousel templates,safety_trust,article
LinkedIn carousel templates,linkedin carousel templates free,commercial,landing page
LinkedIn carousel templates,linkedin carousel templates canva,templates,template/cheat sheet
LinkedIn carousel templates,linkedin carousel templates figma,templates,template/cheat sheet
LinkedIn carousel templates,linkedin carousel template free download,commercial,landing page
LinkedIn carousel templates,linkedin carousel template powerpoint,templates,template/cheat sheet
LinkedIn carousel templates,linkedin carousel template size,templates,template/cheat sheet
LinkedIn carousel templates,linkedin carousel template canva free,commercial,landing page
LinkedIn carousel templates,linkedin carousel template psd,templates,template/cheat sheet
LinkedIn carousel templates,linkedin carousel template illustrator,templates,template/cheat sheet
LinkedIn carousel size 2026,best LinkedIn carousel size 2026,comparison,comparison article
LinkedIn carousel size 2026,top 5 LinkedIn carousel size 2026,comparison,comparison article
LinkedIn carousel size 2026,top 10 LinkedIn carousel size 2026,comparison,comparison article
LinkedIn carousel size 2026,free LinkedIn carousel size 2026,comparison,comparison article
LinkedIn carousel size 2026,free vs paid LinkedIn carousel size 2026,comparison,comparison article
LinkedIn carousel size 2026,LinkedIn carousel size 2026 for founders,comparison,comparison article
LinkedIn carousel size 2026,LinkedIn carousel size 2026 for consultants,comparison,comparison article
LinkedIn carousel size 2026,LinkedIn carousel size 2026 for coaches,comparison,comparison article
LinkedIn carousel size 2026,LinkedIn carousel size 2026 for agencies,comparison,comparison article
LinkedIn carousel size 2026,what is LinkedIn carousel size 2026,informational,glossary/explainer
LinkedIn carousel size 2026,how does it work LinkedIn carousel size 2026,informational,glossary/explainer
LinkedIn carousel size 2026,why use LinkedIn carousel size 2026,informational,glossary/explainer
LinkedIn carousel size 2026,benefits of LinkedIn carousel size 2026,informational,glossary/explainer
LinkedIn carousel size 2026,how to create LinkedIn carousel size 2026,how_to,how-to guide
LinkedIn carousel size 2026,how to make LinkedIn carousel size 2026,how_to,how-to guide
LinkedIn carousel size 2026,how to write LinkedIn carousel size 2026,how_to,how-to guide
LinkedIn carousel size 2026,how to design LinkedIn carousel size 2026,how_to,how-to guide
LinkedIn carousel size 2026,how to automate LinkedIn carousel size 2026,how_to,how-to guide
LinkedIn carousel size 2026,step by step LinkedIn carousel size 2026,how_to,how-to guide
LinkedIn carousel size 2026,LinkedIn carousel size 2026 pricing,commercial,landing page
LinkedIn carousel size 2026,LinkedIn carousel size 2026 cost,commercial,landing page
LinkedIn carousel size 2026,free trial LinkedIn carousel size 2026,commercial,landing page
LinkedIn carousel size 2026,discount LinkedIn carousel size 2026,commercial,landing page
LinkedIn carousel size 2026,LinkedIn carousel size 2026 reviews,commercial,landing page
LinkedIn carousel size 2026,LinkedIn carousel size 2026 testimonials,commercial,landing page
LinkedIn carousel size 2026,templates LinkedIn carousel size 2026,templates,template/cheat sheet
LinkedIn carousel size 2026,examples LinkedIn carousel size 2026,templates,template/cheat sheet
LinkedIn carousel size 2026,ideas LinkedIn carousel size 2026,templates,template/cheat sheet
LinkedIn carousel size 2026,cheat sheet LinkedIn carousel size 2026,templates,template/cheat sheet
LinkedIn carousel size 2026,checklist LinkedIn carousel size 2026,templates,template/cheat sheet
LinkedIn carousel size 2026,prompts LinkedIn carousel size 2026,templates,template/cheat sheet
LinkedIn carousel size 2026,size LinkedIn carousel size 2026,technical,specs guide
LinkedIn carousel size 2026,dimensions LinkedIn carousel size 2026,technical,specs guide
LinkedIn carousel size 2026,LinkedIn carousel size 2026 format,technical,specs guide
LinkedIn carousel size 2026,font LinkedIn carousel size 2026,technical,specs guide
LinkedIn carousel size 2026,color LinkedIn carousel size 2026,technical,specs guide
LinkedIn carousel size 2026,aspect ratio LinkedIn carousel size 2026,technical,specs guide
LinkedIn carousel size 2026,file size LinkedIn carousel size 2026,technical,specs guide
LinkedIn carousel size 2026,resolution LinkedIn carousel size 2026,technical,specs guide
LinkedIn carousel size 2026,LinkedIn carousel size 2026 is safe,safety_trust,article
LinkedIn carousel size 2026,LinkedIn carousel size 2026 safe to use,safety_trust,article
LinkedIn carousel size 2026,LinkedIn carousel size 2026 privacy,safety_trust,article
LinkedIn carousel size 2026,risks LinkedIn carousel size 2026,safety_trust,article
LinkedIn carousel size 2026,LinkedIn carousel size 2026 disadvantages,safety_trust,article
LinkedIn carousel size 2026,pros and cons LinkedIn carousel size 2026,safety_trust,article
LinkedIn carousel size 2026,new linkedin carousel size 2026,technical,specs guide
LinkedIn carousel size 2026,linkedin pdf carousel size 2026,technical,specs guide
LinkedIn carousel size 2026,linkedin carousel image size 2026,technical,specs guide
LinkedIn carousel size 2026,linkedin carousel post dimensions 2026,technical,specs guide
LinkedIn carousel size 2026,linkedin carousel size,technical,specs guide
LinkedIn carousel size 2026,linkedin carousel post size,technical,specs guide
LinkedIn carousel size 2026,linkedin carousel post dimensions,technical,specs guide
LinkedIn carousel size 2026,linkedin carousel post image size,technical,specs guide
AI LinkedIn post generator,best AI LinkedIn post generator,comparison,comparison article
AI LinkedIn post generator,top 5 AI LinkedIn post generator,comparison,comparison article
AI LinkedIn post generator,top 10 AI LinkedIn post generator,comparison,comparison article
AI LinkedIn post generator,free AI LinkedIn post generator,comparison,comparison article
AI LinkedIn post generator,free vs paid AI LinkedIn post generator,comparison,comparison article
AI LinkedIn post generator,AI LinkedIn post generator for founders,comparison,comparison article
AI LinkedIn post generator,AI LinkedIn post generator for consultants,comparison,comparison article
AI LinkedIn post generator,AI LinkedIn post generator for coaches,comparison,comparison article
AI LinkedIn post generator,AI LinkedIn post generator for agencies,comparison,comparison article
AI LinkedIn post generator,what is AI LinkedIn post generator,informational,glossary/explainer
AI LinkedIn post generator,how does it work AI LinkedIn post generator,informational,glossary/explainer
AI LinkedIn post generator,why use AI LinkedIn post generator,informational,glossary/explainer
AI LinkedIn post generator,benefits of AI LinkedIn post generator,informational,glossary/explainer
AI LinkedIn post generator,how to create AI LinkedIn post generator,how_to,how-to guide
AI LinkedIn post generator,how to make AI LinkedIn post generator,how_to,how-to guide
AI LinkedIn post generator,how to write AI LinkedIn post generator,how_to,how-to guide
AI LinkedIn post generator,how to design AI LinkedIn post generator,how_to,how-to guide
AI LinkedIn post generator,how to automate AI LinkedIn post generator,how_to,how-to guide
AI LinkedIn post generator,step by step AI LinkedIn post generator,how_to,how-to guide
AI LinkedIn post generator,AI LinkedIn post generator pricing,commercial,landing page
AI LinkedIn post generator,AI LinkedIn post generator cost,commercial,landing page
AI LinkedIn post generator,free trial AI LinkedIn post generator,commercial,landing page
AI LinkedIn post generator,discount AI LinkedIn post generator,commercial,landing page
AI LinkedIn post generator,AI LinkedIn post generator reviews,commercial,landing page
AI LinkedIn post generator,AI LinkedIn post generator testimonials,commercial,landing page
AI LinkedIn post generator,templates AI LinkedIn post generator,templates,template/cheat sheet
AI LinkedIn post generator,examples AI LinkedIn post generator,templates,template/cheat sheet
AI LinkedIn post generator,ideas AI LinkedIn post generator,templates,template/cheat sheet
AI LinkedIn post generator,cheat sheet AI LinkedIn post generator,templates,template/cheat sheet
AI LinkedIn post generator,checklist AI LinkedIn post generator,templates,template/cheat sheet
AI LinkedIn post generator,prompts AI LinkedIn post generator,templates,template/cheat sheet
AI LinkedIn post generator,size AI LinkedIn post generator,technical,specs guide
AI LinkedIn post generator,dimensions AI LinkedIn post generator,technical,specs guide
AI LinkedIn post generator,AI LinkedIn post generator format,technical,specs guide
AI LinkedIn post generator,font AI LinkedIn post generator,technical,specs guide
AI LinkedIn post generator,color AI LinkedIn post generator,technical,specs guide
AI LinkedIn post generator,aspect ratio AI LinkedIn post generator,technical,specs guide
AI LinkedIn post generator,file size AI LinkedIn post generator,technical,specs guide
AI LinkedIn post generator,resolution AI LinkedIn post generator,technical,specs guide
AI LinkedIn post generator,AI LinkedIn post generator is safe,safety_trust,article
AI LinkedIn post generator,AI LinkedIn post generator safe to use,safety_trust,article
AI LinkedIn post generator,AI LinkedIn post generator privacy,safety_trust,article
AI LinkedIn post generator,risks AI LinkedIn post generator,safety_trust,article
AI LinkedIn post generator,AI LinkedIn post generator disadvantages,safety_trust,article
AI LinkedIn post generator,pros and cons AI LinkedIn post generator,safety_trust,article
AI LinkedIn post generator,ai linkedin post generator free,commercial,landing page
AI LinkedIn post generator,ai linkedin post generator reddit,commercial,landing page
AI LinkedIn post generator,ai linkedin article generator,commercial,landing page
AI LinkedIn post generator,linkedin ai post generator meme,commercial,landing page
AI LinkedIn post generator,best ai linkedin post generator free,comparison,comparison article
AI LinkedIn post generator,ai linkedin post image generator,commercial,landing page
AI LinkedIn post generator,grammarly ai linkedin post generator,commercial,landing page
AI LinkedIn post generator,visme ai linkedin post generator,commercial,landing page
newsletter examples for founders,best newsletter examples for founders,comparison,comparison article
newsletter examples for founders,top 5 newsletter examples for founders,comparison,comparison article
newsletter examples for founders,top 10 newsletter examples for founders,comparison,comparison article
newsletter examples for founders,free newsletter examples for founders,comparison,comparison article
newsletter examples for founders,free vs paid newsletter examples for founders,comparison,comparison article
newsletter examples for founders,newsletter examples for founders for founders,comparison,comparison article
newsletter examples for founders,newsletter examples for founders for consultants,comparison,comparison article
newsletter examples for founders,newsletter examples for founders for coaches,comparison,comparison article
newsletter examples for founders,newsletter examples for founders for agencies,comparison,comparison article
newsletter examples for founders,what is newsletter examples for founders,informational,glossary/explainer
newsletter examples for founders,how does it work newsletter examples for founders,informational,glossary/explainer
newsletter examples for founders,why use newsletter examples for founders,informational,glossary/explainer
newsletter examples for founders,benefits of newsletter examples for founders,informational,glossary/explainer
newsletter examples for founders,how to create newsletter examples for founders,how_to,how-to guide
newsletter examples for founders,how to make newsletter examples for founders,how_to,how-to guide
newsletter examples for founders,how to write newsletter examples for founders,how_to,how-to guide
newsletter examples for founders,how to design newsletter examples for founders,how_to,how-to guide
newsletter examples for founders,how to automate newsletter examples for founders,how_to,how-to guide
newsletter examples for founders,step by step newsletter examples for founders,how_to,how-to guide
newsletter examples for founders,newsletter examples for founders pricing,commercial,landing page
newsletter examples for founders,newsletter examples for founders cost,commercial,landing page
newsletter examples for founders,free trial newsletter examples for founders,commercial,landing page
newsletter examples for founders,discount newsletter examples for founders,commercial,landing page
newsletter examples for founders,newsletter examples for founders reviews,commercial,landing page
newsletter examples for founders,newsletter examples for founders testimonials,commercial,landing page
newsletter examples for founders,templates newsletter examples for founders,templates,template/cheat sheet
newsletter examples for founders,examples newsletter examples for founders,templates,template/cheat sheet
newsletter examples for founders,ideas newsletter examples for founders,templates,template/cheat sheet
newsletter examples for founders,cheat sheet newsletter examples for founders,templates,template/cheat sheet
newsletter examples for founders,checklist newsletter examples for founders,templates,template/cheat sheet
newsletter examples for founders,prompts newsletter examples for founders,templates,template/cheat sheet
newsletter examples for founders,size newsletter examples for founders,technical,specs guide
newsletter examples for founders,dimensions newsletter examples for founders,technical,specs guide
newsletter examples for founders,newsletter examples for founders format,technical,specs guide
newsletter examples for founders,font newsletter examples for founders,technical,specs guide
newsletter examples for founders,color newsletter examples for founders,technical,specs guide
newsletter examples for founders,aspect ratio newsletter examples for founders,technical,specs guide
newsletter examples for founders,file size newsletter examples for founders,technical,specs guide
newsletter examples for founders,resolution newsletter examples for founders,technical,specs guide
newsletter examples for founders,newsletter examples for founders is safe,safety_trust,article
newsletter examples for founders,newsletter examples for founders safe to use,safety_trust,article
newsletter examples for founders,newsletter examples for founders privacy,safety_trust,article
newsletter examples for founders,risks newsletter examples for founders,safety_trust,article
newsletter examples for founders,newsletter examples for founders disadvantages,safety_trust,article
newsletter examples for founders,pros and cons newsletter examples for founders,safety_trust,article
personal brand content strategy,best personal brand content strategy,comparison,comparison article
personal brand content strategy,top 5 personal brand content strategy,comparison,comparison article
personal brand content strategy,top 10 personal brand content strategy,comparison,comparison article
personal brand content strategy,free personal brand content strategy,comparison,comparison article
personal brand content strategy,free vs paid personal brand content strategy,comparison,comparison article
personal brand content strategy,personal brand content strategy for founders,comparison,comparison article
personal brand content strategy,personal brand content strategy for consultants,comparison,comparison article
personal brand content strategy,personal brand content strategy for coaches,comparison,comparison article
personal brand content strategy,personal brand content strategy for agencies,comparison,comparison article
personal brand content strategy,what is personal brand content strategy,informational,glossary/explainer
personal brand content strategy,how does it work personal brand content strategy,informational,glossary/explainer
personal brand content strategy,why use personal brand content strategy,informational,glossary/explainer
personal brand content strategy,benefits of personal brand content strategy,informational,glossary/explainer
personal brand content strategy,how to create personal brand content strategy,how_to,how-to guide
personal brand content strategy,how to make personal brand content strategy,how_to,how-to guide
personal brand content strategy,how to write personal brand content strategy,how_to,how-to guide
personal brand content strategy,how to design personal brand content strategy,how_to,how-to guide
personal brand content strategy,how to automate personal brand content strategy,how_to,how-to guide
personal brand content strategy,step by step personal brand content strategy,how_to,how-to guide
personal brand content strategy,personal brand content strategy pricing,commercial,landing page
personal brand content strategy,personal brand content strategy cost,commercial,landing page
personal brand content strategy,free trial personal brand content strategy,commercial,landing page
personal brand content strategy,discount personal brand content strategy,commercial,landing page
personal brand content strategy,personal brand content strategy reviews,commercial,landing page
personal brand content strategy,personal brand content strategy testimonials,commercial,landing page
personal brand content strategy,templates personal brand content strategy,templates,template/cheat sheet
personal brand content strategy,examples personal brand content strategy,templates,template/cheat sheet
personal brand content strategy,ideas personal brand content strategy,templates,template/cheat sheet
personal brand content strategy,cheat sheet personal brand content strategy,templates,template/cheat sheet
personal brand content strategy,checklist personal brand content strategy,templates,template/cheat sheet
personal brand content strategy,prompts personal brand content strategy,templates,template/cheat sheet
personal brand content strategy,size personal brand content strategy,technical,specs guide
personal brand content strategy,dimensions personal brand content strategy,technical,specs guide
personal brand content strategy,personal brand content strategy format,technical,specs guide
personal brand content strategy,font personal brand content strategy,technical,specs guide
personal brand content strategy,color personal brand content strategy,technical,specs guide
personal brand content strategy,aspect ratio personal brand content strategy,technical,specs guide
personal brand content strategy,file size personal brand content strategy,technical,specs guide
personal brand content strategy,resolution personal brand content strategy,technical,specs guide
personal brand content strategy,personal brand content strategy is safe,safety_trust,article
personal brand content strategy,personal brand content strategy safe to use,safety_trust,article
personal brand content strategy,personal brand content strategy privacy,safety_trust,article
personal brand content strategy,risks personal brand content strategy,safety_trust,article
personal brand content strategy,personal brand content strategy disadvantages,safety_trust,article
personal brand content strategy,pros and cons personal brand content strategy,safety_trust,article
personal brand content strategy,jun yuh personal branding & content strategy,informational,glossary/explainer
personal brand content strategy,personal brand content ideas,informational,glossary/explainer
LinkedIn content calendar template,best LinkedIn content calendar template,comparison,comparison article
LinkedIn content calendar template,top 5 LinkedIn content calendar template,comparison,comparison article
LinkedIn content calendar template,top 10 LinkedIn content calendar template,comparison,comparison article
LinkedIn content calendar template,free LinkedIn content calendar template,comparison,comparison article
LinkedIn content calendar template,free vs paid LinkedIn content calendar template,comparison,comparison article
LinkedIn content calendar template,LinkedIn content calendar template for founders,comparison,comparison article
LinkedIn content calendar template,LinkedIn content calendar template for consultants,comparison,comparison article
LinkedIn content calendar template,LinkedIn content calendar template for coaches,comparison,comparison article
LinkedIn content calendar template,LinkedIn content calendar template for agencies,comparison,comparison article
LinkedIn content calendar template,what is LinkedIn content calendar template,informational,glossary/explainer
LinkedIn content calendar template,how does it work LinkedIn content calendar template,informational,glossary/explainer
LinkedIn content calendar template,why use LinkedIn content calendar template,informational,glossary/explainer
LinkedIn content calendar template,benefits of LinkedIn content calendar template,informational,glossary/explainer
LinkedIn content calendar template,how to create LinkedIn content calendar template,how_to,how-to guide
LinkedIn content calendar template,how to make LinkedIn content calendar template,how_to,how-to guide
LinkedIn content calendar template,how to write LinkedIn content calendar template,how_to,how-to guide
LinkedIn content calendar template,how to design LinkedIn content calendar template,how_to,how-to guide
LinkedIn content calendar template,how to automate LinkedIn content calendar template,how_to,how-to guide
LinkedIn content calendar template,step by step LinkedIn content calendar template,how_to,how-to guide
LinkedIn content calendar template,LinkedIn content calendar template pricing,commercial,landing page
LinkedIn content calendar template,LinkedIn content calendar template cost,commercial,landing page
LinkedIn content calendar template,free trial LinkedIn content calendar template,commercial,landing page
LinkedIn content calendar template,discount LinkedIn content calendar template,commercial,landing page
LinkedIn content calendar template,LinkedIn content calendar template reviews,commercial,landing page
LinkedIn content calendar template,LinkedIn content calendar template testimonials,commercial,landing page
LinkedIn content calendar template,templates LinkedIn content calendar template,templates,template/cheat sheet
LinkedIn content calendar template,examples LinkedIn content calendar template,templates,template/cheat sheet
LinkedIn content calendar template,ideas LinkedIn content calendar template,templates,template/cheat sheet
LinkedIn content calendar template,cheat sheet LinkedIn content calendar template,templates,template/cheat sheet
LinkedIn content calendar template,checklist LinkedIn content calendar template,templates,template/cheat sheet
LinkedIn content calendar template,prompts LinkedIn content calendar template,templates,template/cheat sheet
LinkedIn content calendar template,size LinkedIn content calendar template,technical,specs guide
LinkedIn content calendar template,dimensions LinkedIn content calendar template,technical,specs guide
LinkedIn content calendar template,LinkedIn content calendar template format,technical,specs guide
LinkedIn content calendar template,font LinkedIn content calendar template,technical,specs guide
LinkedIn content calendar template,color LinkedIn content calendar template,technical,specs guide
LinkedIn content calendar template,aspect ratio LinkedIn content calendar template,technical,specs guide
LinkedIn content calendar template,file size LinkedIn content calendar template,technical,specs guide
LinkedIn content calendar template,resolution LinkedIn content calendar template,technical,specs guide
LinkedIn content calendar template,LinkedIn content calendar template is safe,safety_trust,article
LinkedIn content calendar template,LinkedIn content calendar template safe to use,safety_trust,article
LinkedIn content calendar template,LinkedIn content calendar template privacy,safety_trust,article
LinkedIn content calendar template,risks LinkedIn content calendar template,safety_trust,article
LinkedIn content calendar template,LinkedIn content calendar template disadvantages,safety_trust,article
LinkedIn content calendar template,pros and cons LinkedIn content calendar template,safety_trust,article
LinkedIn content calendar template,linkedin content calendar template excel,templates,template/cheat sheet
LinkedIn content calendar template,linkedin content calendar template google sheets,templates,template/cheat sheet
LinkedIn content calendar template,linkedin content calendar template 2025,templates,template/cheat sheet
LinkedIn content calendar template,linkedin post calendar template,templates,template/cheat sheet
LinkedIn content calendar template,linkedin social media calendar template,templates,template/cheat sheet
LinkedIn content calendar template,linkedin content planner template,templates,template/cheat sheet
LinkedIn content calendar template,linkedin editorial calendar template,templates,template/cheat sheet
LinkedIn content calendar template,linkedin content calendar example,templates,template/cheat sheet
LinkedIn content calendar template,linkedin post planner template,templates,template/cheat sheet
how to create LinkedIn carousels from research,best how to create LinkedIn carousels from research,comparison,comparison article
how to create LinkedIn carousels from research,top 5 how to create LinkedIn carousels from research,comparison,comparison article
how to create LinkedIn carousels from research,top 10 how to create LinkedIn carousels from research,comparison,comparison article
how to create LinkedIn carousels from research,free how to create LinkedIn carousels from research,comparison,comparison article
how to create LinkedIn carousels from research,free vs paid how to create LinkedIn carousels from research,comparison,comparison article
how to create LinkedIn carousels from research,how to create LinkedIn carousels from research for founders,comparison,comparison article
how to create LinkedIn carousels from research,how to create LinkedIn carousels from research for consultants,comparison,comparison article
how to create LinkedIn carousels from research,how to create LinkedIn carousels from research for coaches,comparison,comparison article
how to create LinkedIn carousels from research,how to create LinkedIn carousels from research for agencies,comparison,comparison article
how to create LinkedIn carousels from research,what is how to create LinkedIn carousels from research,informational,glossary/explainer
how to create LinkedIn carousels from research,how does it work how to create LinkedIn carousels from research,informational,glossary/explainer
how to create LinkedIn carousels from research,why use how to create LinkedIn carousels from research,informational,glossary/explainer
how to create LinkedIn carousels from research,benefits of how to create LinkedIn carousels from research,informational,glossary/explainer
how to create LinkedIn carousels from research,how to create how to create LinkedIn carousels from research,how_to,how-to guide
how to create LinkedIn carousels from research,how to make how to create LinkedIn carousels from research,how_to,how-to guide
how to create LinkedIn carousels from research,how to write how to create LinkedIn carousels from research,how_to,how-to guide
how to create LinkedIn carousels from research,how to design how to create LinkedIn carousels from research,how_to,how-to guide
how to create LinkedIn carousels from research,how to automate how to create LinkedIn carousels from research,how_to,how-to guide
how to create LinkedIn carousels from research,step by step how to create LinkedIn carousels from research,how_to,how-to guide
how to create LinkedIn carousels from research,how to create LinkedIn carousels from research pricing,commercial,landing page
how to create LinkedIn carousels from research,how to create LinkedIn carousels from research cost,commercial,landing page
how to create LinkedIn carousels from research,free trial how to create LinkedIn carousels from research,commercial,landing page
how to create LinkedIn carousels from research,discount how to create LinkedIn carousels from research,commercial,landing page
how to create LinkedIn carousels from research,how to create LinkedIn carousels from research reviews,commercial,landing page
how to create LinkedIn carousels from research,how to create LinkedIn carousels from research testimonials,commercial,landing page
how to create LinkedIn carousels from research,templates how to create LinkedIn carousels from research,templates,template/cheat sheet
how to create LinkedIn carousels from research,examples how to create LinkedIn carousels from research,templates,template/cheat sheet
how to create LinkedIn carousels from research,ideas how to create LinkedIn carousels from research,templates,template/cheat sheet
how to create LinkedIn carousels from research,cheat sheet how to create LinkedIn carousels from research,templates,template/cheat sheet
how to create LinkedIn carousels from research,checklist how to create LinkedIn carousels from research,templates,template/cheat sheet
how to create LinkedIn carousels from research,prompts how to create LinkedIn carousels from research,templates,template/cheat sheet
how to create LinkedIn carousels from research,size how to create LinkedIn carousels from research,technical,specs guide
how to create LinkedIn carousels from research,dimensions how to create LinkedIn carousels from research,technical,specs guide
how to create LinkedIn carousels from research,how to create LinkedIn carousels from research format,technical,specs guide
how to create LinkedIn carousels from research,font how to create LinkedIn carousels from research,technical,specs guide
how to create LinkedIn carousels from research,color how to create LinkedIn carousels from research,technical,specs guide
how to create LinkedIn carousels from research,aspect ratio how to create LinkedIn carousels from research,technical,specs guide
how to create LinkedIn carousels from research,file size how to create LinkedIn carousels from research,technical,specs guide
how to create LinkedIn carousels from research,resolution how to create LinkedIn carousels from research,technical,specs guide
how to create LinkedIn carousels from research,how to create LinkedIn carousels from research is safe,safety_trust,article
how to create LinkedIn carousels from research,how to create LinkedIn carousels from research safe to use,safety_trust,article
how to create LinkedIn carousels from research,how to create LinkedIn carousels from research privacy,safety_trust,article
how to create LinkedIn carousels from research,risks how to create LinkedIn carousels from research,safety_trust,article
how to create LinkedIn carousels from research,how to create LinkedIn carousels from research disadvantages,safety_trust,article
how to create LinkedIn carousels from research,pros and cons how to create LinkedIn carousels from research,safety_trust,article
LinkedIn carousel hook examples,best LinkedIn carousel hook examples,comparison,comparison article
LinkedIn carousel hook examples,top 5 LinkedIn carousel hook examples,comparison,comparison article
LinkedIn carousel hook examples,top 10 LinkedIn carousel hook examples,comparison,comparison article
LinkedIn carousel hook examples,free LinkedIn carousel hook examples,comparison,comparison article
LinkedIn carousel hook examples,free vs paid LinkedIn carousel hook examples,comparison,comparison article
LinkedIn carousel hook examples,LinkedIn carousel hook examples for founders,comparison,comparison article
LinkedIn carousel hook examples,LinkedIn carousel hook examples for consultants,comparison,comparison article
LinkedIn carousel hook examples,LinkedIn carousel hook examples for coaches,comparison,comparison article
LinkedIn carousel hook examples,LinkedIn carousel hook examples for agencies,comparison,comparison article
LinkedIn carousel hook examples,what is LinkedIn carousel hook examples,informational,glossary/explainer
LinkedIn carousel hook examples,how does it work LinkedIn carousel hook examples,informational,glossary/explainer
LinkedIn carousel hook examples,why use LinkedIn carousel hook examples,informational,glossary/explainer
LinkedIn carousel hook examples,benefits of LinkedIn carousel hook examples,informational,glossary/explainer
LinkedIn carousel hook examples,how to create LinkedIn carousel hook examples,how_to,how-to guide
LinkedIn carousel hook examples,how to make LinkedIn carousel hook examples,how_to,how-to guide
LinkedIn carousel hook examples,how to write LinkedIn carousel hook examples,how_to,how-to guide
LinkedIn carousel hook examples,how to design LinkedIn carousel hook examples,how_to,how-to guide
LinkedIn carousel hook examples,how to automate LinkedIn carousel hook examples,how_to,how-to guide
LinkedIn carousel hook examples,step by step LinkedIn carousel hook examples,how_to,how-to guide
LinkedIn carousel hook examples,LinkedIn carousel hook examples pricing,commercial,landing page
LinkedIn carousel hook examples,LinkedIn carousel hook examples cost,commercial,landing page
LinkedIn carousel hook examples,free trial LinkedIn carousel hook examples,commercial,landing page
LinkedIn carousel hook examples,discount LinkedIn carousel hook examples,commercial,landing page
LinkedIn carousel hook examples,LinkedIn carousel hook examples reviews,commercial,landing page
LinkedIn carousel hook examples,LinkedIn carousel hook examples testimonials,commercial,landing page
LinkedIn carousel hook examples,templates LinkedIn carousel hook examples,templates,template/cheat sheet
LinkedIn carousel hook examples,examples LinkedIn carousel hook examples,templates,template/cheat sheet
LinkedIn carousel hook examples,ideas LinkedIn carousel hook examples,templates,template/cheat sheet
LinkedIn carousel hook examples,cheat sheet LinkedIn carousel hook examples,templates,template/cheat sheet
LinkedIn carousel hook examples,checklist LinkedIn carousel hook examples,templates,template/cheat sheet
LinkedIn carousel hook examples,prompts LinkedIn carousel hook examples,templates,template/cheat sheet
LinkedIn carousel hook examples,size LinkedIn carousel hook examples,technical,specs guide
LinkedIn carousel hook examples,dimensions LinkedIn carousel hook examples,technical,specs guide
LinkedIn carousel hook examples,LinkedIn carousel hook examples format,technical,specs guide
LinkedIn carousel hook examples,font LinkedIn carousel hook examples,technical,specs guide
LinkedIn carousel hook examples,color LinkedIn carousel hook examples,technical,specs guide
LinkedIn carousel hook examples,aspect ratio LinkedIn carousel hook examples,technical,specs guide
LinkedIn carousel hook examples,file size LinkedIn carousel hook examples,technical,specs guide
LinkedIn carousel hook examples,resolution LinkedIn carousel hook examples,technical,specs guide
LinkedIn carousel hook examples,LinkedIn carousel hook examples is safe,safety_trust,article
LinkedIn carousel hook examples,LinkedIn carousel hook examples safe to use,safety_trust,article
LinkedIn carousel hook examples,LinkedIn carousel hook examples privacy,safety_trust,article
LinkedIn carousel hook examples,risks LinkedIn carousel hook examples,safety_trust,article
LinkedIn carousel hook examples,LinkedIn carousel hook examples disadvantages,safety_trust,article
LinkedIn carousel hook examples,pros and cons LinkedIn carousel hook examples,safety_trust,article
best AI tools for LinkedIn personal brands,best best AI tools for LinkedIn personal brands,comparison,comparison article
best AI tools for LinkedIn personal brands,top 5 best AI tools for LinkedIn personal brands,comparison,comparison article
best AI tools for LinkedIn personal brands,top 10 best AI tools for LinkedIn personal brands,comparison,comparison article
best AI tools for LinkedIn personal brands,free best AI tools for LinkedIn personal brands,comparison,comparison article
best AI tools for LinkedIn personal brands,free vs paid best AI tools for LinkedIn personal brands,comparison,comparison article
best AI tools for LinkedIn personal brands,best AI tools for LinkedIn personal brands for founders,comparison,comparison article
best AI tools for LinkedIn personal brands,best AI tools for LinkedIn personal brands for consultants,comparison,comparison article
best AI tools for LinkedIn personal brands,best AI tools for LinkedIn personal brands for coaches,comparison,comparison article
best AI tools for LinkedIn personal brands,best AI tools for LinkedIn personal brands for agencies,comparison,comparison article
best AI tools for LinkedIn personal brands,what is best AI tools for LinkedIn personal brands,informational,glossary/explainer
best AI tools for LinkedIn personal brands,how does it work best AI tools for LinkedIn personal brands,informational,glossary/explainer
best AI tools for LinkedIn personal brands,why use best AI tools for LinkedIn personal brands,informational,glossary/explainer
best AI tools for LinkedIn personal brands,benefits of best AI tools for LinkedIn personal brands,informational,glossary/explainer
best AI tools for LinkedIn personal brands,how to create best AI tools for LinkedIn personal brands,how_to,how-to guide
best AI tools for LinkedIn personal brands,how to make best AI tools for LinkedIn personal brands,how_to,how-to guide
best AI tools for LinkedIn personal brands,how to write best AI tools for LinkedIn personal brands,how_to,how-to guide
best AI tools for LinkedIn personal brands,how to design best AI tools for LinkedIn personal brands,how_to,how-to guide
best AI tools for LinkedIn personal brands,how to automate best AI tools for LinkedIn personal brands,how_to,how-to guide
best AI tools for LinkedIn personal brands,step by step best AI tools for LinkedIn personal brands,how_to,how-to guide
best AI tools for LinkedIn personal brands,best AI tools for LinkedIn personal brands pricing,commercial,landing page
best AI tools for LinkedIn personal brands,best AI tools for LinkedIn personal brands cost,commercial,landing page
best AI tools for LinkedIn personal brands,free trial best AI tools for LinkedIn personal brands,commercial,landing page
best AI tools for LinkedIn personal brands,discount best AI tools for LinkedIn personal brands,commercial,landing page
best AI tools for LinkedIn personal brands,best AI tools for LinkedIn personal brands reviews,commercial,landing page
best AI tools for LinkedIn personal brands,best AI tools for LinkedIn personal brands testimonials,commercial,landing page
best AI tools for LinkedIn personal brands,templates best AI tools for LinkedIn personal brands,templates,template/cheat sheet
best AI tools for LinkedIn personal brands,examples best AI tools for LinkedIn personal brands,templates,template/cheat sheet
best AI tools for LinkedIn personal brands,ideas best AI tools for LinkedIn personal brands,templates,template/cheat sheet
best AI tools for LinkedIn personal brands,cheat sheet best AI tools for LinkedIn personal brands,templates,template/cheat sheet
best AI tools for LinkedIn personal brands,checklist best AI tools for LinkedIn personal brands,templates,template/cheat sheet
best AI tools for LinkedIn personal brands,prompts best AI tools for LinkedIn personal brands,templates,template/cheat sheet
best AI tools for LinkedIn personal brands,size best AI tools for LinkedIn personal brands,technical,specs guide
best AI tools for LinkedIn personal brands,dimensions best AI tools for LinkedIn personal brands,technical,specs guide
best AI tools for LinkedIn personal brands,best AI tools for LinkedIn personal brands format,technical,specs guide
best AI tools for LinkedIn personal brands,font best AI tools for LinkedIn personal brands,technical,specs guide
best AI tools for LinkedIn personal brands,color best AI tools for LinkedIn personal brands,technical,specs guide
best AI tools for LinkedIn personal brands,aspect ratio best AI tools for LinkedIn personal brands,technical,specs guide
best AI tools for LinkedIn personal brands,file size best AI tools for LinkedIn personal brands,technical,specs guide
best AI tools for LinkedIn personal brands,resolution best AI tools for LinkedIn personal brands,technical,specs guide
best AI tools for LinkedIn personal brands,best AI tools for LinkedIn personal brands is safe,safety_trust,article
best AI tools for LinkedIn personal brands,best AI tools for LinkedIn personal brands safe to use,safety_trust,article
best AI tools for LinkedIn personal brands,best AI tools for LinkedIn personal brands privacy,safety_trust,article
best AI tools for LinkedIn personal brands,risks best AI tools for LinkedIn personal brands,safety_trust,article
best AI tools for LinkedIn personal brands,best AI tools for LinkedIn personal brands disadvantages,safety_trust,article
best AI tools for LinkedIn personal brands,pros and cons best AI tools for LinkedIn personal brands,safety_trust,article
cited newsletter guide,best cited newsletter guide,comparison,comparison article
cited newsletter guide,top 5 cited newsletter guide,comparison,comparison article
cited newsletter guide,top 10 cited newsletter guide,comparison,comparison article
cited newsletter guide,free cited newsletter guide,comparison,comparison article
cited newsletter guide,free vs paid cited newsletter guide,comparison,comparison article
cited newsletter guide,cited newsletter guide for founders,comparison,comparison article
cited newsletter guide,cited newsletter guide for consultants,comparison,comparison article
cited newsletter guide,cited newsletter guide for coaches,comparison,comparison article
cited newsletter guide,cited newsletter guide for agencies,comparison,comparison article
cited newsletter guide,what is cited newsletter guide,informational,glossary/explainer
cited newsletter guide,how does it work cited newsletter guide,informational,glossary/explainer
cited newsletter guide,why use cited newsletter guide,informational,glossary/explainer
cited newsletter guide,benefits of cited newsletter guide,informational,glossary/explainer
cited newsletter guide,how to create cited newsletter guide,how_to,how-to guide
cited newsletter guide,how to make cited newsletter guide,how_to,how-to guide
cited newsletter guide,how to write cited newsletter guide,how_to,how-to guide
cited newsletter guide,how to design cited newsletter guide,how_to,how-to guide
cited newsletter guide,how to automate cited newsletter guide,how_to,how-to guide
cited newsletter guide,step by step cited newsletter guide,how_to,how-to guide
cited newsletter guide,cited newsletter guide pricing,commercial,landing page
cited newsletter guide,cited newsletter guide cost,commercial,landing page
cited newsletter guide,free trial cited newsletter guide,commercial,landing page
cited newsletter guide,discount cited newsletter guide,commercial,landing page
cited newsletter guide,cited newsletter guide reviews,commercial,landing page
cited newsletter guide,cited newsletter guide testimonials,commercial,landing page
cited newsletter guide,templates cited newsletter guide,templates,template/cheat sheet
cited newsletter guide,examples cited newsletter guide,templates,template/cheat sheet
cited newsletter guide,ideas cited newsletter guide,templates,template/cheat sheet
cited newsletter guide,cheat sheet cited newsletter guide,templates,template/cheat sheet
cited newsletter guide,checklist cited newsletter guide,templates,template/cheat sheet
cited newsletter guide,prompts cited newsletter guide,templates,template/cheat sheet
cited newsletter guide,size cited newsletter guide,technical,specs guide
cited newsletter guide,dimensions cited newsletter guide,technical,specs guide
cited newsletter guide,cited newsletter guide format,technical,specs guide
cited newsletter guide,font cited newsletter guide,technical,specs guide
cited newsletter guide,color cited newsletter guide,technical,specs guide
cited newsletter guide,aspect ratio cited newsletter guide,technical,specs guide
cited newsletter guide,file size cited newsletter guide,technical,specs guide
cited newsletter guide,resolution cited newsletter guide,technical,specs guide
cited newsletter guide,cited newsletter guide is safe,safety_trust,article
cited newsletter guide,cited newsletter guide safe to use,safety_trust,article
cited newsletter guide,cited newsletter guide privacy,safety_trust,article
cited newsletter guide,risks cited newsletter guide,safety_trust,article
cited newsletter guide,cited newsletter guide disadvantages,safety_trust,article
cited newsletter guide,pros and cons cited newsletter guide,safety_trust,article
AI safety for personal brands,best AI safety for personal brands,comparison,comparison article
AI safety for personal brands,top 5 AI safety for personal brands,comparison,comparison article
AI safety for personal brands,top 10 AI safety for personal brands,comparison,comparison article
AI safety for personal brands,free AI safety for personal brands,comparison,comparison article
AI safety for personal brands,free vs paid AI safety for personal brands,comparison,comparison article
AI safety for personal brands,AI safety for personal brands for founders,comparison,comparison article
AI safety for personal brands,AI safety for personal brands for consultants,comparison,comparison article
AI safety for personal brands,AI safety for personal brands for coaches,comparison,comparison article
AI safety for personal brands,AI safety for personal brands for agencies,comparison,comparison article
AI safety for personal brands,what is AI safety for personal brands,informational,glossary/explainer
AI safety for personal brands,how does it work AI safety for personal brands,informational,glossary/explainer
AI safety for personal brands,why use AI safety for personal brands,informational,glossary/explainer
AI safety for personal brands,benefits of AI safety for personal brands,informational,glossary/explainer
AI safety for personal brands,how to create AI safety for personal brands,how_to,how-to guide
AI safety for personal brands,how to make AI safety for personal brands,how_to,how-to guide
AI safety for personal brands,how to write AI safety for personal brands,how_to,how-to guide
AI safety for personal brands,how to design AI safety for personal brands,how_to,how-to guide
AI safety for personal brands,how to automate AI safety for personal brands,how_to,how-to guide
AI safety for personal brands,step by step AI safety for personal brands,how_to,how-to guide
AI safety for personal brands,AI safety for personal brands pricing,commercial,landing page
AI safety for personal brands,AI safety for personal brands cost,commercial,landing page
AI safety for personal brands,free trial AI safety for personal brands,commercial,landing page
AI safety for personal brands,discount AI safety for personal brands,commercial,landing page
AI safety for personal brands,AI safety for personal brands reviews,commercial,landing page
AI safety for personal brands,AI safety for personal brands testimonials,commercial,landing page
AI safety for personal brands,templates AI safety for personal brands,templates,template/cheat sheet
AI safety for personal brands,examples AI safety for personal brands,templates,template/cheat sheet
AI safety for personal brands,ideas AI safety for personal brands,templates,template/cheat sheet
AI safety for personal brands,cheat sheet AI safety for personal brands,templates,template/cheat sheet
AI safety for personal brands,checklist AI safety for personal brands,templates,template/cheat sheet
AI safety for personal brands,prompts AI safety for personal brands,templates,template/cheat sheet
AI safety for personal brands,size AI safety for personal brands,technical,specs guide
AI safety for personal brands,dimensions AI safety for personal brands,technical,specs guide
AI safety for personal brands,AI safety for personal brands format,technical,specs guide
AI safety for personal brands,font AI safety for personal brands,technical,specs guide
AI safety for personal brands,color AI safety for personal brands,technical,specs guide
AI safety for personal brands,aspect ratio AI safety for personal brands,technical,specs guide
AI safety for personal brands,file size AI safety for personal brands,technical,specs guide
AI safety for personal brands,resolution AI safety for personal brands,technical,specs guide
AI safety for personal brands,AI safety for personal brands is safe,safety_trust,article
AI safety for personal brands,AI safety for personal brands safe to use,safety_trust,article
AI safety for personal brands,AI safety for personal brands privacy,safety_trust,article
AI safety for personal brands,risks AI safety for personal brands,safety_trust,article
AI safety for personal brands,AI safety for personal brands disadvantages,safety_trust,article
AI safety for personal brands,pros and cons AI safety for personal brands,safety_trust,article
review first publishing workflow,best review first publishing workflow,comparison,comparison article
review first publishing workflow,top 5 review first publishing workflow,comparison,comparison article
review first publishing workflow,top 10 review first publishing workflow,comparison,comparison article
review first publishing workflow,free review first publishing workflow,comparison,comparison article
review first publishing workflow,free vs paid review first publishing workflow,comparison,comparison article
review first publishing workflow,review first publishing workflow for founders,comparison,comparison article
review first publishing workflow,review first publishing workflow for consultants,comparison,comparison article
review first publishing workflow,review first publishing workflow for coaches,comparison,comparison article
review first publishing workflow,review first publishing workflow for agencies,comparison,comparison article
review first publishing workflow,what is review first publishing workflow,informational,glossary/explainer
review first publishing workflow,how does it work review first publishing workflow,informational,glossary/explainer
review first publishing workflow,why use review first publishing workflow,informational,glossary/explainer
review first publishing workflow,benefits of review first publishing workflow,informational,glossary/explainer
review first publishing workflow,how to create review first publishing workflow,how_to,how-to guide
review first publishing workflow,how to make review first publishing workflow,how_to,how-to guide
review first publishing workflow,how to write review first publishing workflow,how_to,how-to guide
review first publishing workflow,how to design review first publishing workflow,how_to,how-to guide
review first publishing workflow,how to automate review first publishing workflow,how_to,how-to guide
review first publishing workflow,step by step review first publishing workflow,how_to,how-to guide
review first publishing workflow,review first publishing workflow pricing,commercial,landing page
review first publishing workflow,review first publishing workflow cost,commercial,landing page
review first publishing workflow,free trial review first publishing workflow,commercial,landing page
review first publishing workflow,discount review first publishing workflow,commercial,landing page
review first publishing workflow,review first publishing workflow reviews,commercial,landing page
review first publishing workflow,review first publishing workflow testimonials,commercial,landing page
review first publishing workflow,templates review first publishing workflow,templates,template/cheat sheet
review first publishing workflow,examples review first publishing workflow,templates,template/cheat sheet
review first publishing workflow,ideas review first publishing workflow,templates,template/cheat sheet
review first publishing workflow,cheat sheet review first publishing workflow,templates,template/cheat sheet
review first publishing workflow,checklist review first publishing workflow,templates,template/cheat sheet
review first publishing workflow,prompts review first publishing workflow,templates,template/cheat sheet
review first publishing workflow,size review first publishing workflow,technical,specs guide
review first publishing workflow,dimensions review first publishing workflow,technical,specs guide
review first publishing workflow,review first publishing workflow format,technical,specs guide
review first publishing workflow,font review first publishing workflow,technical,specs guide
review first publishing workflow,color review first publishing workflow,technical,specs guide
review first publishing workflow,aspect ratio review first publishing workflow,technical,specs guide
review first publishing workflow,file size review first publishing workflow,technical,specs guide
review first publishing workflow,resolution review first publishing workflow,technical,specs guide
review first publishing workflow,review first publishing workflow is safe,safety_trust,article
review first publishing workflow,review first publishing workflow safe to use,safety_trust,article
review first publishing workflow,review first publishing workflow privacy,safety_trust,article
review first publishing workflow,risks review first publishing workflow,safety_trust,article
review first publishing workflow,review first publishing workflow disadvantages,safety_trust,article
review first publishing workflow,pros and cons review first publishing workflow,safety_trust,article
LinkedIn carousel design for non designers,best LinkedIn carousel design for non designers,comparison,comparison article
LinkedIn carousel design for non designers,top 5 LinkedIn carousel design for non designers,comparison,comparison article
LinkedIn carousel design for non designers,top 10 LinkedIn carousel design for non designers,comparison,comparison article
LinkedIn carousel design for non designers,free LinkedIn carousel design for non designers,comparison,comparison article
LinkedIn carousel design for non designers,free vs paid LinkedIn carousel design for non designers,comparison,comparison article
LinkedIn carousel design for non designers,LinkedIn carousel design for non designers for founders,comparison,comparison article
LinkedIn carousel design for non designers,LinkedIn carousel design for non designers for consultants,comparison,comparison article
LinkedIn carousel design for non designers,LinkedIn carousel design for non designers for coaches,comparison,comparison article
LinkedIn carousel design for non designers,LinkedIn carousel design for non designers for agencies,comparison,comparison article
LinkedIn carousel design for non designers,what is LinkedIn carousel design for non designers,informational,glossary/explainer
LinkedIn carousel design for non designers,how does it work LinkedIn carousel design for non designers,informational,glossary/explainer
LinkedIn carousel design for non designers,why use LinkedIn carousel design for non designers,informational,glossary/explainer
LinkedIn carousel design for non designers,benefits of LinkedIn carousel design for non designers,informational,glossary/explainer
LinkedIn carousel design for non designers,how to create LinkedIn carousel design for non designers,how_to,how-to guide
LinkedIn carousel design for non designers,how to make LinkedIn carousel design for non designers,how_to,how-to guide
LinkedIn carousel design for non designers,how to write LinkedIn carousel design for non designers,how_to,how-to guide
LinkedIn carousel design for non designers,how to design LinkedIn carousel design for non designers,how_to,how-to guide
LinkedIn carousel design for non designers,how to automate LinkedIn carousel design for non designers,how_to,how-to guide
LinkedIn carousel design for non designers,step by step LinkedIn carousel design for non designers,how_to,how-to guide
LinkedIn carousel design for non designers,LinkedIn carousel design for non designers pricing,commercial,landing page
LinkedIn carousel design for non designers,LinkedIn carousel design for non designers cost,commercial,landing page
LinkedIn carousel design for non designers,free trial LinkedIn carousel design for non designers,commercial,landing page
LinkedIn carousel design for non designers,discount LinkedIn carousel design for non designers,commercial,landing page
LinkedIn carousel design for non designers,LinkedIn carousel design for non designers reviews,commercial,landing page
LinkedIn carousel design for non designers,LinkedIn carousel design for non designers testimonials,commercial,landing page
LinkedIn carousel design for non designers,templates LinkedIn carousel design for non designers,templates,template/cheat sheet
LinkedIn carousel design for non designers,examples LinkedIn carousel design for non designers,templates,template/cheat sheet
LinkedIn carousel design for non designers,ideas LinkedIn carousel design for non designers,templates,template/cheat sheet
LinkedIn carousel design for non designers,cheat sheet LinkedIn carousel design for non designers,templates,template/cheat sheet
LinkedIn carousel design for non designers,checklist LinkedIn carousel design for non designers,templates,template/cheat sheet
LinkedIn carousel design for non designers,prompts LinkedIn carousel design for non designers,templates,template/cheat sheet
LinkedIn carousel design for non designers,size LinkedIn carousel design for non designers,technical,specs guide
LinkedIn carousel design for non designers,dimensions LinkedIn carousel design for non designers,technical,specs guide
LinkedIn carousel design for non designers,LinkedIn carousel design for non designers format,technical,specs guide
LinkedIn carousel design for non designers,font LinkedIn carousel design for non designers,technical,specs guide
LinkedIn carousel design for non designers,color LinkedIn carousel design for non designers,technical,specs guide
LinkedIn carousel design for non designers,aspect ratio LinkedIn carousel design for non designers,technical,specs guide
LinkedIn carousel design for non designers,file size LinkedIn carousel design for non designers,technical,specs guide
LinkedIn carousel design for non designers,resolution LinkedIn carousel design for non designers,technical,specs guide
LinkedIn carousel design for non designers,LinkedIn carousel design for non designers is safe,safety_trust,article
LinkedIn carousel design for non designers,LinkedIn carousel design for non designers safe to use,safety_trust,article
LinkedIn carousel design for non designers,LinkedIn carousel design for non designers privacy,safety_trust,article
LinkedIn carousel design for non designers,risks LinkedIn carousel design for non designers,safety_trust,article
LinkedIn carousel design for non designers,LinkedIn carousel design for non designers disadvantages,safety_trust,article
LinkedIn carousel design for non designers,pros and cons LinkedIn carousel design for non designers,safety_trust,article
one topic many formats content system,best one topic many formats content system,comparison,comparison article
one topic many formats content system,top 5 one topic many formats content system,comparison,comparison article
one topic many formats content system,top 10 one topic many formats content system,comparison,comparison article
one topic many formats content system,free one topic many formats content system,comparison,comparison article
one topic many formats content system,free vs paid one topic many formats content system,comparison,comparison article
one topic many formats content system,one topic many formats content system for founders,comparison,comparison article
one topic many formats content system,one topic many formats content system for consultants,comparison,comparison article
one topic many formats content system,one topic many formats content system for coaches,comparison,comparison article
one topic many formats content system,one topic many formats content system for agencies,comparison,comparison article
one topic many formats content system,what is one topic many formats content system,informational,glossary/explainer
one topic many formats content system,how does it work one topic many formats content system,informational,glossary/explainer
one topic many formats content system,why use one topic many formats content system,informational,glossary/explainer
one topic many formats content system,benefits of one topic many formats content system,informational,glossary/explainer
one topic many formats content system,how to create one topic many formats content system,how_to,how-to guide
one topic many formats content system,how to make one topic many formats content system,how_to,how-to guide
one topic many formats content system,how to write one topic many formats content system,how_to,how-to guide
one topic many formats content system,how to design one topic many formats content system,how_to,how-to guide
one topic many formats content system,how to automate one topic many formats content system,how_to,how-to guide
one topic many formats content system,step by step one topic many formats content system,how_to,how-to guide
one topic many formats content system,one topic many formats content system pricing,commercial,landing page
one topic many formats content system,one topic many formats content system cost,commercial,landing page
one topic many formats content system,free trial one topic many formats content system,commercial,landing page
one topic many formats content system,discount one topic many formats content system,commercial,landing page
one topic many formats content system,one topic many formats content system reviews,commercial,landing page
one topic many formats content system,one topic many formats content system testimonials,commercial,landing page
one topic many formats content system,templates one topic many formats content system,templates,template/cheat sheet
one topic many formats content system,examples one topic many formats content system,templates,template/cheat sheet
one topic many formats content system,ideas one topic many formats content system,templates,template/cheat sheet
one topic many formats content system,cheat sheet one topic many formats content system,templates,template/cheat sheet
one topic many formats content system,checklist one topic many formats content system,templates,template/cheat sheet
one topic many formats content system,prompts one topic many formats content system,templates,template/cheat sheet
one topic many formats content system,size one topic many formats content system,technical,specs guide
one topic many formats content system,dimensions one topic many formats content system,technical,specs guide
one topic many formats content system,one topic many formats content system format,technical,specs guide
one topic many formats content system,font one topic many formats content system,technical,specs guide
one topic many formats content system,color one topic many formats content system,technical,specs guide
one topic many formats content system,aspect ratio one topic many formats content system,technical,specs guide
one topic many formats content system,file size one topic many formats content system,technical,specs guide
one topic many formats content system,resolution one topic many formats content system,technical,specs guide
one topic many formats content system,one topic many formats content system is safe,safety_trust,article
one topic many formats content system,one topic many formats content system safe to use,safety_trust,article
one topic many formats content system,one topic many formats content system privacy,safety_trust,article
one topic many formats content system,risks one topic many formats content system,safety_trust,article
one topic many formats content system,one topic many formats content system disadvantages,safety_trust,article
one topic many formats content system,pros and cons one topic many formats content system,safety_trust,article
automate LinkedIn carousels,best automate LinkedIn carousels,comparison,comparison article
automate LinkedIn carousels,top 5 automate LinkedIn carousels,comparison,comparison article
automate LinkedIn carousels,top 10 automate LinkedIn carousels,comparison,comparison article
automate LinkedIn carousels,free automate LinkedIn carousels,comparison,comparison article
automate LinkedIn carousels,free vs paid automate LinkedIn carousels,comparison,comparison article
automate LinkedIn carousels,automate LinkedIn carousels for founders,comparison,comparison article
automate LinkedIn carousels,automate LinkedIn carousels for consultants,comparison,comparison article
automate LinkedIn carousels,automate LinkedIn carousels for coaches,comparison,comparison article
automate LinkedIn carousels,automate LinkedIn carousels for agencies,comparison,comparison article
automate LinkedIn carousels,what is automate LinkedIn carousels,informational,glossary/explainer
automate LinkedIn carousels,how does it work automate LinkedIn carousels,informational,glossary/explainer
automate LinkedIn carousels,why use automate LinkedIn carousels,informational,glossary/explainer
automate LinkedIn carousels,benefits of automate LinkedIn carousels,informational,glossary/explainer
automate LinkedIn carousels,how to create automate LinkedIn carousels,how_to,how-to guide
automate LinkedIn carousels,how to make automate LinkedIn carousels,how_to,how-to guide
automate LinkedIn carousels,how to write automate LinkedIn carousels,how_to,how-to guide
automate LinkedIn carousels,how to design automate LinkedIn carousels,how_to,how-to guide
automate LinkedIn carousels,how to automate automate LinkedIn carousels,how_to,how-to guide
automate LinkedIn carousels,step by step automate LinkedIn carousels,how_to,how-to guide
automate LinkedIn carousels,automate LinkedIn carousels pricing,commercial,landing page
automate LinkedIn carousels,automate LinkedIn carousels cost,commercial,landing page
automate LinkedIn carousels,free trial automate LinkedIn carousels,commercial,landing page
automate LinkedIn carousels,discount automate LinkedIn carousels,commercial,landing page
automate LinkedIn carousels,automate LinkedIn carousels reviews,commercial,landing page
automate LinkedIn carousels,automate LinkedIn carousels testimonials,commercial,landing page
automate LinkedIn carousels,templates automate LinkedIn carousels,templates,template/cheat sheet
automate LinkedIn carousels,examples automate LinkedIn carousels,templates,template/cheat sheet
automate LinkedIn carousels,ideas automate LinkedIn carousels,templates,template/cheat sheet
automate LinkedIn carousels,cheat sheet automate LinkedIn carousels,templates,template/cheat sheet
automate LinkedIn carousels,checklist automate LinkedIn carousels,templates,template/cheat sheet
automate LinkedIn carousels,prompts automate LinkedIn carousels,templates,template/cheat sheet
automate LinkedIn carousels,size automate LinkedIn carousels,technical,specs guide
automate LinkedIn carousels,dimensions automate LinkedIn carousels,technical,specs guide
automate LinkedIn carousels,automate LinkedIn carousels format,technical,specs guide
automate LinkedIn carousels,font automate LinkedIn carousels,technical,specs guide
automate LinkedIn carousels,color automate LinkedIn carousels,technical,specs guide
automate LinkedIn carousels,aspect ratio automate LinkedIn carousels,technical,specs guide
automate LinkedIn carousels,file size automate LinkedIn carousels,technical,specs guide
automate LinkedIn carousels,resolution automate LinkedIn carousels,technical,specs guide
automate LinkedIn carousels,automate LinkedIn carousels is safe,safety_trust,article
automate LinkedIn carousels,automate LinkedIn carousels safe to use,safety_trust,article
automate LinkedIn carousels,automate LinkedIn carousels privacy,safety_trust,article
automate LinkedIn carousels,risks automate LinkedIn carousels,safety_trust,article
automate LinkedIn carousels,automate LinkedIn carousels disadvantages,safety_trust,article
automate LinkedIn carousels,pros and cons automate LinkedIn carousels,safety_trust,article
LinkedIn newsletter generator,best LinkedIn newsletter generator,comparison,comparison article
LinkedIn newsletter generator,top 5 LinkedIn newsletter generator,comparison,comparison article
LinkedIn newsletter generator,top 10 LinkedIn newsletter generator,comparison,comparison article
LinkedIn newsletter generator,free LinkedIn newsletter generator,comparison,comparison article
LinkedIn newsletter generator,free vs paid LinkedIn newsletter generator,comparison,comparison article
LinkedIn newsletter generator,LinkedIn newsletter generator for founders,comparison,comparison article
LinkedIn newsletter generator,LinkedIn newsletter generator for consultants,comparison,comparison article
LinkedIn newsletter generator,LinkedIn newsletter generator for coaches,comparison,comparison article
LinkedIn newsletter generator,LinkedIn newsletter generator for agencies,comparison,comparison article
LinkedIn newsletter generator,what is LinkedIn newsletter generator,informational,glossary/explainer
LinkedIn newsletter generator,how does it work LinkedIn newsletter generator,informational,glossary/explainer
LinkedIn newsletter generator,why use LinkedIn newsletter generator,informational,glossary/explainer
LinkedIn newsletter generator,benefits of LinkedIn newsletter generator,informational,glossary/explainer
LinkedIn newsletter generator,how to create LinkedIn newsletter generator,how_to,how-to guide
LinkedIn newsletter generator,how to make LinkedIn newsletter generator,how_to,how-to guide
LinkedIn newsletter generator,how to write LinkedIn newsletter generator,how_to,how-to guide
LinkedIn newsletter generator,how to design LinkedIn newsletter generator,how_to,how-to guide
LinkedIn newsletter generator,how to automate LinkedIn newsletter generator,how_to,how-to guide
LinkedIn newsletter generator,step by step LinkedIn newsletter generator,how_to,how-to guide
LinkedIn newsletter generator,LinkedIn newsletter generator pricing,commercial,landing page
LinkedIn newsletter generator,LinkedIn newsletter generator cost,commercial,landing page
LinkedIn newsletter generator,free trial LinkedIn newsletter generator,commercial,landing page
LinkedIn newsletter generator,discount LinkedIn newsletter generator,commercial,landing page
LinkedIn newsletter generator,LinkedIn newsletter generator reviews,commercial,landing page
LinkedIn newsletter generator,LinkedIn newsletter generator testimonials,commercial,landing page
LinkedIn newsletter generator,templates LinkedIn newsletter generator,templates,template/cheat sheet
LinkedIn newsletter generator,examples LinkedIn newsletter generator,templates,template/cheat sheet
LinkedIn newsletter generator,ideas LinkedIn newsletter generator,templates,template/cheat sheet
LinkedIn newsletter generator,cheat sheet LinkedIn newsletter generator,templates,template/cheat sheet
LinkedIn newsletter generator,checklist LinkedIn newsletter generator,templates,template/cheat sheet
LinkedIn newsletter generator,prompts LinkedIn newsletter generator,templates,template/cheat sheet
LinkedIn newsletter generator,size LinkedIn newsletter generator,technical,specs guide
LinkedIn newsletter generator,dimensions LinkedIn newsletter generator,technical,specs guide
LinkedIn newsletter generator,LinkedIn newsletter generator format,technical,specs guide
LinkedIn newsletter generator,font LinkedIn newsletter generator,technical,specs guide
LinkedIn newsletter generator,color LinkedIn newsletter generator,technical,specs guide
LinkedIn newsletter generator,aspect ratio LinkedIn newsletter generator,technical,specs guide
LinkedIn newsletter generator,file size LinkedIn newsletter generator,technical,specs guide
LinkedIn newsletter generator,resolution LinkedIn newsletter generator,technical,specs guide
LinkedIn newsletter generator,LinkedIn newsletter generator is safe,safety_trust,article
LinkedIn newsletter generator,LinkedIn newsletter generator safe to use,safety_trust,article
LinkedIn newsletter generator,LinkedIn newsletter generator privacy,safety_trust,article
LinkedIn newsletter generator,risks LinkedIn newsletter generator,safety_trust,article
LinkedIn newsletter generator,LinkedIn newsletter generator disadvantages,safety_trust,article
LinkedIn newsletter generator,pros and cons LinkedIn newsletter generator,safety_trust,article
