keyword,intent,priority_score,source_seed,target_page,content_recommendation
best ai linkedin carousel generator,commercial,9,AI LinkedIn carousel,/features/carousel-workflow,Comparison article with pricing/features table
linkedin carousel generator,informational,8,LinkedIn carousel,/features/carousel-workflow,Informational guide or FAQ article
linkedin carousel template,transactional,8,LinkedIn carousel,/resources/linkedin-carousel-design-framework-non-designers,Downloadable template or quick-reference guide
linkedin carousel generator free,informational,8,LinkedIn carousel generator,/features/carousel-workflow,Informational guide or FAQ article
linkedin carousel generator ai free,informational,8,LinkedIn carousel generator,/features/carousel-workflow,Informational guide or FAQ article
linkedin carousel generator ai,informational,8,LinkedIn carousel generator,/features/carousel-workflow,Informational guide or FAQ article
linkedin carousel generator github,informational,8,LinkedIn carousel generator,/features/carousel-workflow,Informational guide or FAQ article
linkedin carousel generator canva,informational,8,LinkedIn carousel generator,/features/carousel-workflow,Comparison article with feature table and verdict
linkedin carousel generator online free,informational,8,LinkedIn carousel generator,/features/carousel-workflow,Informational guide or FAQ article
linkedin carousel generator by 2pr,informational,8,LinkedIn carousel generator,/features/carousel-workflow,Informational guide or FAQ article
ai linkedin carousel generator free,informational,8,AI LinkedIn carousel,/features/carousel-workflow,Informational guide or FAQ article
ai linkedin carousel generator,informational,8,AI LinkedIn carousel,/features/carousel-workflow,Informational guide or FAQ article
ai newsletter generator free,informational,8,AI newsletter generator,/features/newsletter-workflow,Informational guide or FAQ article
ai newsletter generator github,informational,8,AI newsletter generator,/features/newsletter-workflow,Informational guide or FAQ article
ai newsletter generator canva,informational,8,AI newsletter generator,/features/newsletter-workflow,Comparison article with feature table and verdict
ai content automation workflow,informational,8,AI content workflow,/resources,Informational guide or FAQ article
linkedin carousel template free,transactional,8,LinkedIn carousel template,/resources/linkedin-carousel-design-framework-non-designers,Downloadable template or quick-reference guide
linkedin carousel templates canva,transactional,8,LinkedIn carousel template,/resources/linkedin-carousel-design-framework-non-designers,Comparison article with feature table and verdict
linkedin carousel template figma,transactional,8,LinkedIn carousel template,/resources/linkedin-carousel-design-framework-non-designers,Downloadable template or quick-reference guide
linkedin carousel template psd,transactional,8,LinkedIn carousel template,/resources/linkedin-carousel-design-framework-non-designers,Downloadable template or quick-reference guide
linkedin carousel template free download,transactional,8,LinkedIn carousel template,/resources/linkedin-carousel-design-framework-non-designers,Downloadable template or quick-reference guide
linkedin carousel template powerpoint,transactional,8,LinkedIn carousel template,/resources/linkedin-carousel-design-framework-non-designers,Downloadable template or quick-reference guide
linkedin carousel template size,transactional,8,LinkedIn carousel template,/resources/linkedin-carousel-design-framework-non-designers,Downloadable template or quick-reference guide
linkedin carousel template canva free,transactional,8,LinkedIn carousel template,/resources/linkedin-carousel-design-framework-non-designers,Comparison article with feature table and verdict
linkedin carousel template illustrator,transactional,8,LinkedIn carousel template,/resources/linkedin-carousel-design-framework-non-designers,Downloadable template or quick-reference guide
ai assisted content workflows,informational,7,AI content workflow,/resources,Informational guide or FAQ article
ai powered content workflows,informational,7,AI content workflow,/resources,Informational guide or FAQ article
ai driven content workflows,informational,7,AI content workflow,/resources,Informational guide or FAQ article
linkedin content strategy for personal branding,informational,7,LinkedIn content strategy,/resources,Informational guide or FAQ article
ai tools for linkedin content creation,commercial,7,AI tools for LinkedIn,/resources/ai-workflows-linkedin-personal-brands,Comparison article with pricing/features table
linkedin carousel downloader,transactional,6,LinkedIn carousel,/resources,Landing page or template download
ai content safety pricing,commercial,6,AI content safety,/pricing,Comparison or buying guide
ai content safety service,commercial,6,AI content safety,/resources,Comparison or buying guide
azure ai content safety pricing,commercial,6,AI content safety,/pricing,Comparison or buying guide
linkedin carousel post size,informational,5,LinkedIn carousel,/resources,Informational guide or FAQ article
linkedin carousel size,informational,5,LinkedIn carousel,/resources,Informational guide or FAQ article
linkedin carousel post,informational,5,LinkedIn carousel,/resources,Informational guide or FAQ article
linkedin carousel dimensions,informational,5,LinkedIn carousel,/resources,Informational guide or FAQ article
linkedin carousel size 2026,informational,5,LinkedIn carousel,/resources,Informational guide or FAQ article
linkedin carousel maker,informational,5,LinkedIn carousel,/resources,Informational guide or FAQ article
linkedin carousel post generator,informational,5,LinkedIn carousel generator,/features/carousel-workflow,Informational guide or FAQ article
gamma ai linkedin carousel,informational,5,AI LinkedIn carousel,/resources,Informational guide or FAQ article
ai to create linkedin carousel,informational,5,AI LinkedIn carousel,/resources,Informational guide or FAQ article
linkedin newsletter cover image size,informational,5,LinkedIn newsletter,/resources,Informational guide or FAQ article
linkedin newsletter image size,informational,5,LinkedIn newsletter,/resources,Informational guide or FAQ article
linkedin newsletter examples,informational,5,LinkedIn newsletter,/resources,Informational guide or FAQ article
linkedin newsletter banner size,informational,5,LinkedIn newsletter,/resources,Informational guide or FAQ article
linkedin newsletter header image size,informational,5,LinkedIn newsletter,/resources,Informational guide or FAQ article
linkedin newsletter best practices,informational,5,LinkedIn newsletter,/resources,Comparison article with pricing/features table
linkedin newsletter vs article,informational,5,LinkedIn newsletter,/resources,Comparison article with feature table and verdict
linkedin newsletter feature,informational,5,LinkedIn newsletter,/resources,Informational guide or FAQ article
linkedin newsletter ads,informational,5,LinkedIn newsletter,/resources,Informational guide or FAQ article
ai content generation workflow,informational,5,AI content workflow,/resources,Informational guide or FAQ article
ai content creation workflow,informational,5,AI content workflow,/resources,Informational guide or FAQ article
ai content marketing workflow,informational,5,AI content workflow,/resources,Informational guide or FAQ article
linkedin content strategy template,transactional,5,LinkedIn content strategy,/resources,Downloadable template or quick-reference guide
personal brand linkedin banner,informational,5,personal brand LinkedIn,/resources,Informational guide or FAQ article
personal brand linkedin reddit,informational,5,personal brand LinkedIn,/resources,Informational guide or FAQ article
personal brand linkedin post,informational,5,personal brand LinkedIn,/resources,Informational guide or FAQ article
personal brand linkedin profile,informational,5,personal brand LinkedIn,/resources,Informational guide or FAQ article
personal branding linkedin strategies,informational,5,personal brand LinkedIn,/resources,Informational guide or FAQ article
personal branding linkedin learning,informational,5,personal brand LinkedIn,/resources,Informational guide or FAQ article
personal branding linkedin course,informational,5,personal brand LinkedIn,/resources,Informational guide or FAQ article
personal branding linkedin pdf,informational,5,personal brand LinkedIn,/resources,Informational guide or FAQ article
personal branding linkedin agency,informational,5,personal brand LinkedIn,/resources,Informational guide or FAQ article
ai tools for linkedin post,commercial,5,AI tools for LinkedIn,/resources/ai-workflows-linkedin-personal-brands,Comparison article with pricing/features table
ai tools for linkedin profile optimization,commercial,5,AI tools for LinkedIn,/resources/ai-workflows-linkedin-personal-brands,Comparison article with pricing/features table
ai tools for linkedin profile,commercial,5,AI tools for LinkedIn,/resources/ai-workflows-linkedin-personal-brands,Comparison article with pricing/features table
ai tools for linkedin lead generation,commercial,5,AI tools for LinkedIn,/resources/ai-workflows-linkedin-personal-brands,Comparison article with pricing/features table
ai tools for linkedin profile picture,commercial,5,AI tools for LinkedIn,/resources/ai-workflows-linkedin-personal-brands,Comparison article with pricing/features table
ai tools for linkedin job search,commercial,5,AI tools for LinkedIn,/resources/ai-workflows-linkedin-personal-brands,Comparison article with pricing/features table
ai tools for linkedin marketing,commercial,5,AI tools for LinkedIn,/resources/ai-workflows-linkedin-personal-brands,Comparison article with pricing/features table
best newsletter subject lines,commercial,5,newsletter subject lines,NEW: /resources/ai-newsletter-subject-line-formulas,Cheat sheet with subject line formulas and examples
best carousel design for linkedin,commercial,5,carousel design for LinkedIn,/resources/linkedin-carousel-design-framework-non-designers,Comparison article with pricing/features table
ai content safety azure,informational,5,AI content safety,/resources,Informational guide or FAQ article
ai content safety api,informational,5,AI content safety,/resources,Informational guide or FAQ article
ai content safety studio,informational,5,AI content safety,/resources,Informational guide or FAQ article
ai content safety icon,informational,5,AI content safety,/resources,Informational guide or FAQ article
ai content safety microsoft,informational,5,AI content safety,/resources,Informational guide or FAQ article
ai content security,informational,5,AI content safety,/resources,Informational guide or FAQ article
content repurposing tools 2026,commercial,5,content repurposing,/resources/ai-workflows-linkedin-personal-brands,Comparison article with pricing/features table
ai tool for linkedin carousel post making,informational,4,AI LinkedIn carousel,/resources,Informational guide or FAQ article
linkedin content strategy 2026,informational,4,LinkedIn content strategy,/resources,Informational guide or FAQ article
linkedin content strategy for professionals,informational,4,LinkedIn content strategy,/resources,Informational guide or FAQ article
linkedin content strategy for business,informational,4,LinkedIn content strategy,/resources,Informational guide or FAQ article
linkedin content strategy pdf,informational,4,LinkedIn content strategy,/resources,Informational guide or FAQ article
linkedin content strategy for ceos,informational,4,LinkedIn content strategy,/resources,Informational guide or FAQ article
linkedin content strategy 2025,informational,4,LinkedIn content strategy,/resources,Informational guide or FAQ article
newsletter subject lines best practices,informational,4,newsletter subject lines,NEW: /resources/ai-newsletter-subject-line-formulas,Cheat sheet with subject line formulas and examples
newsletter subject lines examples,informational,4,newsletter subject lines,NEW: /resources/ai-newsletter-subject-line-formulas,Cheat sheet with subject line formulas and examples
newsletter subject line ideas,informational,4,newsletter subject lines,NEW: /resources/ai-newsletter-subject-line-formulas,Cheat sheet with subject line formulas and examples
newsletter subject line generator,informational,4,newsletter subject lines,/features/newsletter-workflow,Cheat sheet with subject line formulas and examples
newsletter subject line tester,informational,4,newsletter subject lines,NEW: /resources/ai-newsletter-subject-line-formulas,Cheat sheet with subject line formulas and examples
newsletter subject line length,informational,4,newsletter subject lines,NEW: /resources/ai-newsletter-subject-line-formulas,Cheat sheet with subject line formulas and examples
monthly newsletter subject lines examples,informational,4,newsletter subject lines,NEW: /resources/ai-newsletter-subject-line-formulas,Cheat sheet with subject line formulas and examples
email newsletter subject lines,informational,4,newsletter subject lines,NEW: /resources/ai-newsletter-subject-line-formulas,Cheat sheet with subject line formulas and examples
carousel design ideas for linkedin,informational,4,carousel design for LinkedIn,/resources/linkedin-carousel-design-framework-non-designers,Informational guide or FAQ article
content repurposing meaning,informational,4,content repurposing,/resources,Definition article with examples and FAQ
content repurposing tool,informational,4,content repurposing,/resources,Informational guide or FAQ article
content repurposing agency,informational,4,content repurposing,/resources,Informational guide or FAQ article
content repurposing jobs,informational,4,content repurposing,/resources,Informational guide or FAQ article
content repurposing ai,informational,4,content repurposing,/resources,Informational guide or FAQ article
content repurposing strategy,informational,4,content repurposing,/resources,Informational guide or FAQ article
content repurposing specialist,informational,4,content repurposing,/resources,Informational guide or FAQ article
content repurposing engine,informational,4,content repurposing,/resources,Informational guide or FAQ article
ai news generator no sign up,transactional,3,AI newsletter generator,/resources,Landing page or template download
linkedin content strategy in the age of ai,informational,3,LinkedIn content strategy,/resources,Informational guide or FAQ article
ai linkedin outreach tools,commercial,3,AI tools for LinkedIn,/resources/ai-workflows-linkedin-personal-brands,Comparison article with pricing/features table
ai carousel linkedin banner,informational,2,AI LinkedIn carousel,/resources,Informational guide or FAQ article
ai carousel linkedin post generator,informational,2,AI LinkedIn carousel,/features/carousel-workflow,Informational guide or FAQ article
ai carousel linkedin post,informational,2,AI LinkedIn carousel,/resources,Informational guide or FAQ article
ai news generator,informational,2,AI newsletter generator,/resources,Informational guide or FAQ article
ai news generator from text,informational,2,AI newsletter generator,/resources,Informational guide or FAQ article
ai news generator video,informational,2,AI newsletter generator,/resources,Informational guide or FAQ article
ai news generator toolbaz,informational,2,AI newsletter generator,/resources,Informational guide or FAQ article
citing newsletter apa,informational,2,cited newsletter,/resources,Informational guide or FAQ article
ai workflow content creation,informational,2,AI content workflow,/resources/ai-workflows-linkedin-personal-brands,Informational guide or FAQ article
ai or content evaluation workflows,informational,2,AI content workflow,/resources,Informational guide or FAQ article
carousel post design for linkedin,informational,2,carousel design for LinkedIn,/resources/linkedin-carousel-design-framework-non-designers,Informational guide or FAQ article
how to post carousel on linkedin,informational,2,carousel design for LinkedIn,/resources,Tutorial guide with step-by-step workflow
ai news generator app,navigational,1,AI newsletter generator,/resources,Informational guide or FAQ article
citation newsletter,informational,1,cited newsletter,/resources,Informational guide or FAQ article
citing newsletter,informational,1,cited newsletter,/resources,Informational guide or FAQ article
how to cite sources in a newsletter,informational,1,cited newsletter,/resources,Tutorial guide with step-by-step workflow
